交易日期,group1,group2,group3,group4,group5,group6,group7,group8,group9,group10
2006-01-25,0.08182216666666667,0.05329241666666667,0.05763216666666667,0.05150291666666667,0.031149250000000003,0.028145666666666666,0.03782924999999999,0.021070250000000002,-0.0016575000000000016,0.029819499999999995
2006-02-28,-0.020093773584905654,-0.011004598130841122,-0.015534264150943406,0.0032627850467289703,-0.0025431320754717023,0.014673915887850464,0.012519094339622644,0.03284866355140188,0.02746928301886792,0.019653990654205613
2006-03-31,0.005137596153846146,0.0596949423076923,0.060217182692307705,0.048964057692307716,0.07835627619047617,0.08841290384615384,0.11172963461538457,0.08409299999999997,0.074101125,0.0995224952380953
2006-04-28,0.29101909278350513,0.2830838556701031,0.2954243402061856,0.24879082474226805,0.24583316326530613,0.24918996907216484,0.2731456494845361,0.22401387628865987,0.2601497216494845,0.209473
2006-05-31,0.06948360000000003,0.06880002,0.08099373999999998,0.04318113999999999,0.06870942574257424,0.056311530000000026,0.06479410999999999,0.047851890000000015,0.03282596,0.04748680198019801
2006-06-30,-0.015824989898989908,-0.035200699999999994,-0.03380416,-0.038308140000000004,-0.020099310000000002,-0.055162609999999994,-0.02098470000000001,-0.031743890000000004,-0.05569978,-0.05177924999999999
2006-07-31,0.005146127272727272,0.028111136363636352,0.037747409090909075,0.030246281818181814,0.029187090090090108,0.04272947272727272,0.037448872727272736,0.04399869090909092,0.047246018181818214,0.028596801801801807
2006-08-31,0.0700140504201681,0.040289883333333346,0.044005983333333304,0.04911224369747899,0.03414336666666666,0.05116629166666669,0.06611999159663863,0.06082906666666667,0.05492948333333333,0.06490329166666667
2006-09-29,0.01568545,0.010871735537190086,0.005957483333333332,0.006419950413223135,0.004914475000000002,-0.009685314049586778,-0.015815341666666666,-0.010754421487603303,-0.023791416666666666,0.0029242314049586753
2006-10-31,0.021748479674796747,0.028493427419354834,0.022113918699186982,0.050057935483870976,0.027360048387096776,0.051130780487804874,0.05743891129032258,0.06761004878048783,0.08067787096774193,0.04470422580645162
2006-11-30,0.040188862903225805,0.03609432800000001,0.02728170161290322,0.06845797600000002,0.053809639999999985,0.0501505241935484,0.055582696000000015,0.05474758870967739,0.08531774399999999,0.067585408
2006-12-29,0.25330211016949156,0.25003830508474567,0.2607394745762711,0.2710787627118644,0.2532952372881355,0.24358622881355935,0.2476304830508474,0.2111032288135594,0.23284777966101697,0.21717989915966382
2007-01-31,0.26316272881355934,0.25446479831932767,0.21866179661016955,0.2164523277310925,0.21471093277310924,0.202875,0.17315363025210087,0.17489936440677964,0.11284247899159668,0.11010046218487393
2007-02-28,0.23654199047619046,0.2237138207547169,0.1948637830188679,0.20626088571428566,0.16516527358490557,0.14120255660377362,0.17136350476190484,0.15015740566037736,0.14306032075471692,0.13187684905660377
2007-03-30,0.370904888888889,0.3897896299212598,0.38656543307086605,0.35787847244094506,0.32874551181102357,0.34184123809523803,0.3089123937007875,0.30371316535433074,0.2810617322834646,0.29867612598425197
2007-04-30,0.10304082608695654,0.07829580172413797,0.10115782758620688,0.10363709482758622,0.0625775775862069,0.10507444827586204,0.0929537413793104,0.09314277586206891,0.09948043965517239,0.11857622413793105
2007-05-31,-0.23386779381443293,-0.18155413265306117,-0.13517557142857148,-0.12463099999999999,-0.1318083877551021,-0.11319152040816327,-0.1643129489795918,-0.11465159183673476,-0.0986232551020408,-0.14011977551020405
2007-06-29,0.2835985446428573,0.27309502654867257,0.2636625892857143,0.265983814159292,0.2620006814159292,0.23150905357142862,0.21415802654867255,0.22122008928571438,0.21067472566371667,0.2009915486725664
2007-07-31,0.18119222834645662,0.12514400781250004,0.14141572656250004,0.13558175000000003,0.109385328125,0.10821605511811028,0.12910650781250002,0.07903371874999998,0.105549328125,0.14489244531249998
2007-08-31,0.050073093750000006,0.053478248062015524,0.039271736434108515,0.03346077519379844,0.03256181395348837,0.030052751937984495,0.03080548062015504,0.05106386821705427,0.039130441860465145,0.03288317829457365
2007-09-28,-0.13411579687500003,-0.10713286046511632,-0.12527588372093013,-0.10740985156250003,-0.10649293023255815,-0.10503920930232556,-0.09268782812500004,-0.10872307751937987,-0.04848345736434108,-0.08081888372093021
2007-10-31,-0.020554566929133853,-0.02701481250000001,-0.04974800781249998,-0.059639000000000025,-0.04975106250000002,-0.06775889763779526,-0.08092233593749998,-0.08944882812500006,-0.12764299999999998,-0.14266490624999997
2007-11-30,0.18538864179104478,0.19826958208955214,0.19967670149253727,0.21052101492537315,0.21435776865671646,0.21869401492537321,0.19592519402985073,0.19999699253731354,0.20824378358208956,0.20092399253731344
2007-12-28,0.008120800000000001,0.04432900000000001,0.08352766666666667,-0.056011200000000004,-0.08270033333333336,0.025716666666666665,0.015347400000000006,-0.015497000000000004,-0.0048398333333333305,-0.10875333333333331
2008-01-31,0.09316769999999998,0.11133591538461532,0.104895223076923,0.09964425954198476,0.10601844615384616,0.08219711538461542,0.08287929770992368,0.05526448461538462,0.07503638461538457,0.05658401526717558
2008-02-29,-0.18609754477611942,-0.1792888962962963,-0.1835662910447761,-0.19125939259259256,-0.19409407407407409,-0.19378366417910456,-0.2055239555555556,-0.20777091791044783,-0.20887588888888886,-0.20780375555555564
2008-03-31,-0.051654946153846144,-0.06443532307692308,-0.04393590769230769,-0.0518147328244275,-0.04908674615384612,-0.05404363076923077,-0.02426371755725191,-0.042900730769230774,-0.02502534615384615,-0.043064748091603045
2008-04-30,-0.020928822222222223,-0.020653199999999997,-0.02626292592592592,-0.03989769117647059,-0.04279052592592592,-0.04515528148148149,-0.0251309705882353,-0.02470180740740741,-0.03669042962962964,-0.024973713235294123
2008-05-30,-0.267228788321168,-0.2705266884057972,-0.25801351094890507,-0.24401347826086944,-0.24165481751824816,-0.2524355942028986,-0.2399241897810219,-0.2354439130434784,-0.2427334817518248,-0.227011231884058
2008-06-30,0.09922958955223878,0.10699189629629624,0.10460248507462688,0.10234407407407406,0.1059877851851852,0.09636703731343287,0.0837892814814815,0.07690254477611938,0.06814661481481482,0.07075031111111106
2008-07-31,-0.2155370069444443,-0.20809292413793096,-0.20716937931034482,-0.20694660689655173,-0.21773661379310344,-0.22690631250000004,-0.23522511724137926,-0.24159865517241363,-0.24930611724137933,-0.2374591379310345
2008-08-29,-0.07742956756756755,-0.06413401351351351,-0.055064141891891905,-0.0621452837837838,-0.08752762416107382,-0.08933765540540536,-0.07804350675675675,-0.09451884459459463,-0.09880210810810812,-0.10341456375838923
2008-09-26,-0.084787,-0.15965300000000002,-0.290502,-0.1140525,-0.2016945,-0.16711900000000002,-0.05092649999999999,-0.197943,0.022742,-0.15480200000000002
2008-10-31,0.20673191333333332,0.20599974666666673,0.23693055999999993,0.20190339333333324,0.21339137999999996,0.19837962666666664,0.19291596666666674,0.17497516666666665,0.18870675333333337,0.15271109271523176
2008-11-28,0.04459689655172414,0.050119945205479445,0.056099275862068976,0.08660860273972602,0.08900297260273972,0.07383988965517241,0.07569945890410959,0.11624753103448277,0.09304520547945205,0.10682002739726028
2008-12-31,0.16308369798657718,0.18743096644295298,0.17985219999999993,0.17157102013422826,0.17408199333333327,0.1676338322147651,0.16547184563758383,0.15121607333333334,0.12881813422818794,0.10988905999999998
2009-01-23,0.4315479999999999,0.24510300000000002,0.178415,0.408044,0.35003,0.2583055,0.175946,0.33434149999999996,0.05184649999999999,0.30616600000000005
2009-02-27,0.2251085416666667,0.23228902479338842,0.2320348595041321,0.2237951749999999,0.23417308264462802,0.21947379338842976,0.2376715833333333,0.21934251239669414,0.19368505785123954,0.19958519834710742
2009-03-31,0.08272731292517005,0.0749260743243243,0.07295409459459452,0.06885217687074825,0.0747297162162162,0.07618973648648653,0.06107870068027209,0.07994414864864866,0.05746863513513514,0.03697112162162161
2009-04-30,0.0910584520547945,0.07949538095238089,0.07821239455782313,0.06570832653061223,0.0802646326530612,0.08048973469387753,0.04540423809523812,0.05698437414965987,0.06447802040816324,0.06584909523809528
2009-05-27,0.14196999999999999,0.060572749999999995,0.09638437500000001,0.084847125,0.0706775,0.08202,0.169395625,0.061022,0.07973775,0.08657344444444445
2009-06-30,0.18007261224489787,0.15614136734693873,0.17673534013605435,0.14767051700680275,0.14754417567567568,0.1424496734693878,0.14240000000000003,0.13802281632653066,0.15328196598639454,0.11315166216216217
2009-07-31,-0.1617605472972973,-0.16210307432432436,-0.1683631081081081,-0.16211544594594599,-0.15153685810810813,-0.14205583108108116,-0.15517145270270277,-0.1738426689189189,-0.17000315540540542,-0.15163014765100669
2009-08-31,0.04306368292682928,0.04566677235772357,0.04739906504065041,0.04037887096774193,0.04334573170731708,0.049329365853658554,0.03635670967741936,0.04687094308943089,0.05671542276422766,0.03588763709677419
2009-09-30,0.10666336842105265,0.11369339473684204,0.1170359144736842,0.12255675,0.13054255263157896,0.13267342105263155,0.12460366447368426,0.1284225131578947,0.10900726315789473,0.10750538562091502
2009-10-30,0.15624944444444444,0.153610064935065,0.17961220261437907,0.157834987012987,0.15592988311688316,0.15964767973856206,0.11454762987012986,0.144597,0.13384187662337663,0.11681904545454548
2009-11-30,0.031665221476510075,0.035248060402684564,0.03349573154362417,0.02911771812080538,0.028581637583892622,0.035716335570469805,0.009774751677852349,0.026677557046979865,0.0077539731543624195,0.004407543624161079
2009-12-31,-0.0403763486842105,-0.03562273684210527,-0.026586131578947368,-0.03676286842105262,-0.023807480263157887,-0.032287526315789475,-0.03794123684210528,-0.02481955921052632,-0.02397690789473684,-0.04089869281045753
2010-01-29,0.06759453896103894,0.056960220779220756,0.0614798116883117,0.07095826451612902,0.062789012987013,0.06451804545454547,0.05719955483870964,0.06405724025974023,0.05225003896103899,0.06213427741935487
2010-02-26,0.029512355263157902,0.03942051973684211,0.03300181578947369,0.038083111842105256,0.041317052631578956,0.04899169736842103,0.03293264473684212,0.040168618421052626,0.029482447368421035,0.043858300653594764
2010-03-31,-0.08858841935483867,-0.09867598076923079,-0.08440596129032259,-0.06819289102564109,-0.07600525000000004,-0.06773570967741932,-0.059760198717948715,-0.046884587096774184,-0.05984050000000005,-0.04777955128205128
2010-04-30,-0.11113417499999996,-0.11271823125000005,-0.10571612422360244,-0.08707611249999996,-0.08287467701863356,-0.08638517500000001,-0.07480839999999997,-0.061902869565217414,-0.061759262500000044,-0.06080956521739131
2010-05-31,-0.08361461728395064,-0.08855115337423315,-0.08417660493827156,-0.09934341104294472,-0.08907866049382716,-0.08294351533742335,-0.09802514814814815,-0.10039510429447847,-0.10433003703703705,-0.09349708588957056
2010-06-30,0.15883175624999996,0.16747400624999992,0.1691207329192547,0.1707909562500001,0.1636542422360248,0.16025278750000008,0.14759028750000008,0.14121017391304347,0.14470735624999995,0.12114775776397521
2010-07-30,0.04014885975609755,0.05110757575757572,0.0725863353658536,0.07332301818181815,0.09091304848484848,0.10245000609756098,0.09634216363636366,0.11548770731707318,0.12816957575757576,0.11965027878787876
2010-08-31,-0.003278922155688624,0.0033430059523809515,-0.008867916666666666,0.010923154761904764,0.011239744047619045,0.009753892215568858,0.01266833928571428,0.020145589285714288,0.016206023809523823,0.036584440476190465
2010-09-30,0.092061650887574,0.10290601764705885,0.11696504705882346,0.10409938823529419,0.10456581176470589,0.09958316568047341,0.08123436470588237,0.0799803411764706,0.07491082941176469,0.05856349411764709
2010-10-29,-0.03163741279069769,-0.026354866279069775,0.0024013139534883733,0.017739773255813957,0.01575304651162791,0.013476000000000002,0.021823505813953484,0.017581703488372093,0.030900569767441845,0.009251913294797685
2010-11-30,-0.017860028901734108,-0.020963591954022993,-0.012791225433526012,-0.007268183908045976,-0.00865598843930636,-0.01065341954022989,-0.033919572254335235,-0.02125187356321839,-0.027539867052023093,-0.03247898275862069
2010-12-31,0.005217653179190752,-0.010843260115606934,-0.02874932369942194,-0.04484090751445085,-0.04795035632183912,-0.041308953757225424,-0.0701573063583815,-0.07537887861271675,-0.09220782658959537,-0.0805553678160919
2011-01-31,0.07030141860465117,0.10189325433526013,0.09358195930232559,0.1067670809248554,0.09295097687861265,0.09869998837209307,0.10328622543352606,0.11378652325581397,0.10480953179190755,0.10468164739884389
2011-02-28,0.03850480116959063,0.009501070175438596,-0.00486554970760234,-0.005215122093023259,-0.009633140350877192,-0.009096877192982456,-0.005887436046511628,-0.0257797134502924,-0.019046473684210533,-0.012134703488372091
2011-03-31,0.016377737142857143,-0.01570408522727273,-0.04154081142857145,-0.03472548295454544,-0.04047135428571428,-0.030203840909090906,-0.03285432571428573,-0.034225795454545446,-0.04525796571428575,-0.03062914204545453
2011-04-29,-0.07154740782122905,-0.0744900782122905,-0.07897603351955311,-0.07968858888888893,-0.06782892737430167,-0.07972611731843571,-0.07628598888888888,-0.07146292737430168,-0.07326733519553075,-0.07443437777777778
2011-05-31,0.021100718232044194,0.03768978571428572,0.04049903296703297,0.04117321428571427,0.029280934065934062,0.04327559890109889,0.03672807142857142,0.04471492857142858,0.039291065934065915,0.04090343956043954
2011-06-30,-0.014170638888888885,0.002020405555555555,0.0023312944444444463,0.020976944444444447,0.010861866666666662,0.002623922222222223,0.01866851666666666,0.021756544444444442,0.038514527777777786,0.03936019337016571
2011-07-29,-0.040793267759562844,-0.038681464480874304,-0.034387060109289595,-0.0371087431693989,-0.03084934782608696,-0.03976706557377048,-0.027472639344262303,-0.025488431693989056,-0.029060513661202197,-0.031214641304347784
2011-08-31,-0.0854100962566845,-0.10554243617021268,-0.11137134574468086,-0.11679250000000002,-0.11746637234042559,-0.11678486170212775,-0.12254388297872346,-0.12638877127659573,-0.13452822340425533,-0.12744417553191487
2011-09-30,0.03957321505376344,0.04601204278074865,0.0456245322580645,0.042235903743315505,0.04008762032085564,0.04244387634408601,0.029666139037433165,0.03540503763440861,0.037181,0.028932786096256685
2011-10-31,-0.058547529100529065,-0.06313138095238098,-0.05171164550264551,-0.041563793650793636,-0.04240378306878307,-0.04665557142857143,-0.03690474074074076,-0.03273167724867724,-0.04205766666666666,-0.022342436842105278
2011-11-30,-0.11504003191489368,-0.12891632275132275,-0.13711307978723403,-0.15316725925925936,-0.15926553968253965,-0.15760768085106383,-0.16541063492063485,-0.15511835106382976,-0.1692628783068783,-0.19678923809523807
2011-12-30,0.03614001595744681,0.02322704232804234,0.01305144444444443,0.011458402116402111,0.009045206349206332,0.003183920212765952,-0.0026182222222222353,-0.005555761904761902,-0.016210063492063494,0.004029825396825395
2012-01-31,0.12116288421052643,0.1222657421052631,0.13216824210526318,0.13269041052631578,0.13703198952879575,0.12382225789473686,0.1242747157894737,0.12921225789473678,0.12248505789473688,0.1444355026178011
2012-02-29,-0.07753293157894739,-0.07583479473684208,-0.07609091623036643,-0.07732778947368418,-0.06774786910994764,-0.07673127368421054,-0.0669935157894737,-0.07506478010471204,-0.06466885789473688,-0.06386434554973822
2012-03-30,0.09158430107526887,0.10306338502673805,0.08708922994652406,0.08108098930481288,0.0793488449197861,0.06886405913978495,0.05932936363636363,0.07263721925133687,0.06211762032085557,0.04511291978609628
2012-04-27,0.06545575000000001,-0.006361599999999998,0.0379662,0.067773,0.0376192,-0.009637999999999999,0.0103835,-0.003586800000000002,0.11482080000000001,0.006246400000000001
2012-05-31,-0.04733428717948718,-0.07705876923076924,-0.07988614871794873,-0.07349001538461537,-0.07112164795918369,-0.07208722564102565,-0.06776267692307691,-0.06709968205128206,-0.048128661538461535,-0.0447069744897959
2012-06-29,-0.0825964635416667,-0.09286391145833332,-0.09289802590673574,-0.09863013541666667,-0.08717419689119171,-0.08606033854166667,-0.08792269270833336,-0.10623335751295335,-0.08318510937499997,-0.09159620207253881
2012-07-31,0.012183146464646466,0.007293232323232324,0.020357015151515154,0.010458429292929292,0.012689868686868687,0.015384984848484853,0.019812373737373733,0.009303141414141413,0.014351530303030303,0.038513737373737374
2012-08-31,0.009529275000000002,0.021581373134328365,0.014887592039800997,0.014649542288557214,0.022511840796019898,0.007318170000000005,0.01207373134328358,0.016474950248756223,0.013356502487562188,0.020307477611940284
2012-09-28,0.029236407960198996,-0.004622178217821782,0.002314846534653466,-0.002686915841584158,-0.008626693069306928,-0.00047055721393034634,-0.0013137673267326767,-0.01310604455445544,-0.008518163366336633,0.004310207920792078
2012-10-31,-0.0628047696078431,-0.08090766176470586,-0.0977720392156862,-0.10390155121951217,-0.11711149019607847,-0.12257349509803916,-0.11974185365853657,-0.13784252450980392,-0.12332763725490199,-0.11979094146341471
2012-11-30,0.14596046534653467,0.16793694581280785,0.16616703448275857,0.17819433497536932,0.18107162068965516,0.16826865841584165,0.16478445812807882,0.1698852463054188,0.15482907881773403,0.15181058620689664
2012-12-31,0.05875750746268657,0.058889198019801955,0.05626185148514855,0.07428078217821782,0.06086413366336632,0.052352876237623774,0.0645623069306931,0.06554676237623765,0.0704794702970297,0.07193569801980201
2013-01-31,0.012849524752475252,0.02665778217821781,0.034620113861386144,0.03645363861386139,0.026148635467980286,0.0345465,0.035875900990099005,0.0284929108910891,0.0397631089108911,0.03615354679802956
2013-02-28,-0.01884826237623763,-0.05174336633663368,-0.04892689162561577,-0.041427970297029694,-0.05688396059113299,-0.04192288613861384,-0.03369756435643566,-0.029905950738916234,-0.032318371287128694,0.0008173990147783299
2013-03-29,-0.03217164356435644,-0.037018277227722766,-0.042128698019802,-0.03324610837438424,-0.0387781287128713,-0.02183671782178218,-0.030811600985221673,-0.04101038613861387,-0.029513831683168297,-0.030545221674876843
2013-04-26,0.0600705,0.1239438,0.12128939999999999,0.1428418,0.1338848,0.2258465,0.0927176,0.127555,0.150767,0.19291519999999998
2013-05-31,-0.1656704356435643,-0.16721731683168323,-0.16448512376237628,-0.17018880198019812,-0.1678088366336634,-0.17782921287128717,-0.1716117376237624,-0.1537604306930693,-0.14914285643564357,-0.15141756930693068
2013-06-28,0.018121895000000006,0.03801869,0.05054879104477612,0.06602735,0.06992546268656716,0.07337324499999999,0.07375744999999999,0.06935162686567166,0.08561236999999998,0.08113425373134325
2013-07-31,0.11529686432160803,0.12441793499999987,0.11324582914572862,0.10491567999999991,0.08719143000000001,0.07476601005025117,0.08099685999999995,0.08408095477386936,0.05813617499999998,0.05869032999999999
2013-08-30,0.03138118652849741,0.04255212371134019,0.0495575051546392,0.04120300000000002,0.05861018556701032,0.05268960103626944,0.0471698762886598,0.050516896907216495,0.054538644329896906,0.04791820103092784
2013-09-30,-0.002700075757575756,0.000851378787878787,-0.006513944444444444,-0.013644848484848484,-0.012486712121212117,-0.03138675252525253,-0.03109491414141415,-0.028094626262626272,-0.03585423737373737,-0.06431429797979797
2013-10-31,0.039742489795918365,0.06288323979591838,0.07517376020408163,0.08462561734693876,0.07343063265306123,0.07972386734693876,0.09467690306122443,0.07367741326530612,0.07840923469387756,0.05454568527918785
2013-11-29,-0.036354989898989915,-0.033320974747474745,-0.029762874371859316,-0.016497797979797984,-0.023421396984924608,-0.03208011616161618,-0.04637984848484847,-0.03597189949748742,-0.03425643939393939,-0.04516069346733665
2013-12-31,-0.048877492462311566,-0.036139894472361815,-0.02180580402010051,-0.007604628140703528,0.004704452261306527,0.010496120603015077,0.018364507537688448,0.03332097989949749,0.04297116582914575,0.020790785000000006
2014-01-30,0.014261720000000007,0.037064380000000015,0.04138007,0.04706941293532336,0.043515605000000006,0.056321740000000044,0.047182263681592035,0.03868678500000002,0.024209159999999997,0.02738656218905473
2014-02-28,0.024690576530612254,0.01599246428571428,0.011040111675126908,-0.009430173469387754,-0.013630730964467003,-0.013014061224489799,-0.03980805612244898,-0.04088429441624366,-0.058227163265306164,-0.04617727918781726
2014-03-31,-0.010770088082901556,-0.010476164948453612,-0.01365930412371135,-0.020847798969072146,-0.022887051546391753,-0.015174958762886596,-0.01833989175257732,-0.00820053608247423,-0.014434706185567013,-0.003372309278350514
2014-04-30,0.01249869791666667,0.011671341968911916,0.016479484375000002,0.018737709844559594,0.0226629689119171,0.024836708333333336,0.028510113989637313,0.03454883333333332,0.035965300518134714,0.03570231088082902
2014-05-30,0.018245562499999996,0.02178652849740933,0.0359549067357513,0.03907340414507773,0.037891056994818643,0.04901577720207254,0.043472740932642466,0.04543567875647668,0.04832561139896372,0.05207004663212434
2014-06-30,0.12276205789473689,0.11472493684210527,0.09998699999999996,0.08564217277486913,0.1048878684210526,0.08744362105263155,0.07242141884816757,0.07882191052631574,0.06493606315789474,0.04878219371727752
2014-07-31,0.0277801347150259,0.04017813989637302,0.04957149740932643,0.05111169430051816,0.06704505154639175,0.05649147668393786,0.05452486528497409,0.05703028497409327,0.04670315025906736,0.06311702577319589
2014-08-29,0.13931136979166667,0.1378626424870466,0.13495666145833338,0.14531165284974093,0.13784911458333338,0.14773239896373058,0.1376264166666666,0.11494388601036265,0.1301045260416667,0.13094944559585497
2014-09-30,0.04168966492146596,0.04031929319371729,0.024919931937172783,0.012796395833333333,0.024042450261780104,-0.0005280471204188475,0.005502203125000001,0.01052907329842932,0.007046879581151837,-0.007470567708333331
2014-10-31,0.11307622513089008,0.08629954687499997,0.07370908854166673,0.07475459895833332,0.05193073958333336,0.05556650520833333,0.028304843750000006,0.03332426562500001,0.022637578125000002,0.037955375000000006
2014-11-28,0.1726793776595744,0.06808967724867726,0.02092674468085105,-0.0030095978835978834,-0.040456052910052914,-0.039669313829787244,-0.062414888888888874,-0.08650312765957449,-0.1040387724867725,-0.08383220634920635
2014-12-31,-0.008373185185185187,0.038497264550264546,0.047527531578947374,0.07570478835978835,0.07792214736842108,0.08038905820105824,0.07323036507936512,0.08456255263157895,0.09770803174603167,0.10902113684210517
2015-01-30,0.04132759042553192,0.043371232804232794,0.060979158730158724,0.06814243386243386,0.07510431216931217,0.0785975744680851,0.0702217142857143,0.07337346560846562,0.08082595767195765,0.08564608994708994
2015-02-27,0.19833360962566837,0.21657842553191484,0.21818194680851064,0.21246733510638285,0.224992739361702,0.21493567914438494,0.24449944148936173,0.22205812234042546,0.20940520744680843,0.22630125531914896
2015-03-31,0.18179408695652183,0.20089626630434784,0.17742586413043485,0.17525018918918916,0.16169205434782613,0.13640582608695648,0.17216968108108108,0.15298689673913032,0.13402278260869566,0.17765160000000005
2015-04-30,0.09790487567567567,0.16393379032258074,0.17048670430107524,0.20087936216216215,0.23542620967741945,0.2600703225806453,0.287401481081081,0.2526082849462365,0.2763440430107529,0.28228793010752695
2015-05-29,0.005768331428571431,-0.021113280000000012,-0.04464550857142858,-0.0645264285714286,-0.09114681250000004,-0.10706513142857141,-0.1255165885714285,-0.12069456571428569,-0.16758664000000004,-0.16495788068181813
2015-06-30,-0.1983616402439024,-0.19515193292682922,-0.20697265853658525,-0.19803539024390251,-0.19036590853658536,-0.17360022560975605,-0.18664805487804878,-0.17549892682926832,-0.1849716341463414,-0.20056809146341462
2015-07-31,-0.1045036549707603,-0.11695199415204685,-0.11651238011695908,-0.10790621052631572,-0.11343146198830413,-0.12930456140350877,-0.13217642105263155,-0.14500954385964912,-0.15605763742690057,-0.17051212865497073
2015-08-31,-0.05237930487804876,-0.04712639393939393,-0.04676540000000002,-0.054386909090909055,-0.041591503030303026,-0.03208322560975611,-0.04409443636363635,-0.018334539393939385,-0.04796961818181818,-0.020616103030303038
2015-09-30,0.1436885967741935,0.19298360215053767,0.2254719625668449,0.23243382795698933,0.23081259893048134,0.24011236021505372,0.24014391397849466,0.24446760962566846,0.25007987634408585,0.2656190213903744
2015-10-30,0.038114625668449226,0.07779409625668453,0.09066858288770051,0.090347935828877,0.10348704787234042,0.0865353743315508,0.12119070588235295,0.12976567379679146,0.13157994117647062,0.12513939893617018
2015-11-30,0.06301856084656082,0.07768614210526317,0.08705430687830688,0.08243211052631576,0.07231182631578945,0.08344135978835981,0.09207867368421051,0.07196466137566133,0.05091021052631581,0.049887968421052566
2015-12-31,-0.23466904950495043,-0.28002710891089105,-0.29701045049504937,-0.2981705221674877,-0.3030741881188121,-0.3085177821782178,-0.3105583990147785,-0.30904192079207926,-0.3148114504950498,-0.31903662561576357
2016-01-29,0.009469587939698487,0.008381356783919597,-0.0015653919597989946,-0.0070856834170854276,-0.017704356783919597,-0.01524040201005026,-0.008335271356783915,-0.015606678391959795,-0.03246867336683418,-0.020575075376884404
2016-02-29,0.13311268639053248,0.16972539411764712,0.17531797647058828,0.19289556213017747,0.18996093529411762,0.1873860352941176,0.20003668639053257,0.20332477647058816,0.20436418235294118,0.19958448235294113
2016-03-31,-0.0038838750000000028,-0.008354373134328356,-0.019622865000000003,0.0004541393034825865,0.0035543299999999966,-0.001698815920398006,0.010766264999999999,-0.0041298656716417925,-0.021183250000000004,-0.012033820895522384
2016-04-29,-0.02677464039408868,-0.022043127450980398,-0.01933055882352942,-0.013378465686274509,-0.014245676470588244,-0.01412963725490196,-0.0017998970588235317,-0.02785443137254903,-0.020379088235294118,-0.03865600000000002
2016-05-31,0.012330197044334978,0.032191259803921575,0.03728370935960592,0.04724048529411764,0.054879647058823505,0.06866683251231526,0.059564014705882344,0.06423087684729065,0.06401799019607846,0.04237706862745097
2016-06-30,0.04173775845410627,0.03338837500000002,0.013253961352657006,0.021817971153846153,0.014530415458937195,-0.003755658653846152,0.004197927536231883,-0.003676000000000003,-0.03013891304347825,-0.030685105769230787
2016-07-29,0.06158158767772514,0.055073849056603785,0.053171688679245294,0.05268999528301885,0.04702097169811322,0.043621199052132714,0.047804537735849036,0.034406764150943375,0.047122641509433946,0.0404719386792453
2016-08-31,-0.0017846958525345616,-0.0023352073732718854,-0.008580853211009166,-0.0018847741935483873,-0.011649096330275223,-0.002272875576036865,-0.011325368663594466,-0.007724100917431195,-0.023325493087557592,-0.014246573394495417
2016-09-30,0.04060078037383179,0.03282311162790696,0.033452483720930216,0.028522869767441866,0.031773120930232546,0.03514243255813952,0.04690525581395348,0.0379050046511628,0.044693558139534885,0.04114313023255815
2016-10-31,0.06621422374429223,0.039364844748858464,0.035161324200913224,0.03361322374429224,0.01733987214611872,0.019220228310502276,0.015583767123287675,0.027182296803652972,0.016034593607305938,0.022140995433789955
2016-11-30,-0.02692540909090907,-0.029411513636363643,-0.0344096318181818,-0.043182318181818176,-0.046033286363636364,-0.04269185,-0.05238353636363636,-0.04537054545454546,-0.04514826818181817,-0.04793772850678734
2016-12-30,0.026155272727272735,0.008663411764705881,-0.009522452488687778,-0.014153561085972852,-0.024548542986425347,-0.019693126696832586,-0.03292986877828055,-0.043225683257918555,-0.04085871040723982,-0.04778359728506786
2017-01-26,0.050779990909090904,0.05204627149321266,0.04076523529411762,0.03948701818181816,0.04214385972850678,0.03944899999999996,0.04238643636363638,0.048149176470588244,0.040994167420814485,0.03335017647058824
2017-02-28,-0.012437678899082564,-0.018436835616438347,-0.022216826484018255,-0.011860388127853888,-0.021911082191780833,-0.018741706422018344,-0.013238753424657534,-0.02131345662100457,-0.02259309132420089,-0.027338447488584484
2017-03-31,-0.017114054298642524,-0.03693501357466061,-0.04781407692307692,-0.056074809954751094,-0.06353547963800904,-0.06035333031674206,-0.054078959276018114,-0.06817316289592762,-0.08089586425339365,-0.07840869230769235
2017-04-28,-0.042268843478260855,-0.06106834199134204,-0.06637041991341994,-0.07845922510822514,-0.06872980952380955,-0.07409785217391301,-0.08093071428571436,-0.08765914718614717,-0.10309887878787881,-0.09010532900432897
2017-05-31,0.0466633261802575,0.04699912875536479,0.04361807725321886,0.04437360944206007,0.050312579399141646,0.05130201287553651,0.04215742489270386,0.05052708154506438,0.04852773819742488,0.031953893162393165
2017-06-30,0.0694497435897436,0.042199273504273535,0.03941724786324787,0.014204747863247847,0.004199444444444447,-0.004721867521367526,0.0028734615384615443,-0.01296128632478632,-0.037329226495726515,-0.035495382978723386
2017-07-31,0.016893904347826078,0.02701332467532467,0.030241747826086945,0.023669402597402606,0.0338940347826087,0.03056085281385283,0.0386456,0.0421835714285714,0.03681384782608698,0.03829118181818186
2017-08-31,-0.008631691358024688,0.003716777777777779,0.014513094650205758,0.010250699588477366,0.015960687242798352,0.008078909465020576,0.013423436213991759,0.009894497942386823,0.019187164609053498,0.009976524590163934
2017-09-29,-0.017891872950819683,-0.022571704918032787,-0.024035453061224517,-0.014305807377049182,-0.016609195918367358,-0.019979848360655743,-0.007631446721311478,-0.014420510204081624,0.0033956844262295104,-0.00013160408163265274
2017-10-31,-0.0374329799196787,-0.048045680000000035,-0.059955040000000015,-0.058481448000000005,-0.06992480799999999,-0.07313934939759038,-0.07877027999999996,-0.07363458399999995,-0.08878983199999994,-0.0771330879999999
2017-11-30,-0.01541412749003984,-0.016769912698412683,-0.018413342629482066,-0.01676509126984126,-0.020966055776892433,-0.01634050396825397,-0.017620195219123506,-0.007291845238095237,-0.011955059760956174,-0.013404055555555556
2018-01-31,-0.052988,-0.0663025,0.020833,-0.119916,0.085763,-0.064826,-0.005972,0.005012,-0.179104,-0.08709449999999999
2018-02-28,-0.01846225,-0.005465500000000002,0.022268249999999996,0.01440688888888889,-0.024210250000000003,-0.019001749999999994,0.03174733333333333,0.0044077499999999985,0.14282125,0.07919088888888891
2018-03-30,-0.030618841463414623,-0.04570071951219512,-0.04893284146341464,-0.04760139024390245,-0.0534274578313253,-0.04369884146341463,-0.04083769512195122,-0.05403396341463417,-0.051451439024390234,-0.02814751807228916
2018-04-27,-0.0569982,0.0732542,-0.04782100000000001,0.06850083333333332,0.0157662,0.0035752000000000006,0.25827316666666666,-0.1024032,0.0262472,0.013672166666666666
2018-05-31,-0.08418553571428576,-0.1005693003952569,-0.11354138888888891,-0.11859175098814244,-0.11452779051383398,-0.11284974206349209,-0.12082237154150188,-0.1224684841269841,-0.10799832806324114,-0.0983105691699605
2018-06-29,0.035658059523809515,0.02753320634920636,0.028142595238095244,0.012883309523809517,0.015573642857142867,0.02290474206349207,0.010189734126984132,0.0023507698412698424,-0.024702547619047634,-0.030491210317460323
2018-07-31,-0.054446864341085296,-0.0562441698841699,-0.06533985328185325,-0.07481937065637069,-0.06994654054054053,-0.08273306563706563,-0.08716116216216208,-0.09978551351351356,-0.10004706563706565,-0.08533414671814674
2018-08-31,0.017582767790262174,0.008369425373134327,0.008185850746268654,0.00809582089552239,0.0062597574626865665,-0.005474604477611937,-0.013271417910447758,-0.011756410447761193,-0.016026899253731335,-0.026179746268656715
2018-09-28,-0.07348484758364308,-0.07880680740740746,-0.08965898884758361,-0.10166730370370373,-0.09576965925925927,-0.09765543122676575,-0.079481162962963,-0.10026977323420078,-0.0975582481481482,-0.10807164814814814
2018-10-31,0.06092583643122676,0.06341143866171006,0.05760708921933086,0.06583068029739778,0.0662259330855019,0.06494373234200741,0.055284620817843896,0.06307306691449814,0.039414037174721174,0.05253030740740742
2018-11-30,-0.04680858695652174,-0.05598266064981951,-0.04961810144927537,-0.04116138989169673,-0.050701844202898576,-0.043106989169675085,-0.02714339130434781,-0.03370775812274371,-0.03552074275362319,-0.03315751624548736
