"MarkettypeID","TradingMonth","HML1"
"P9706","2006-01","-0.004884"
"P9707","2006-01","0.051720"
"P9710","2006-01","-0.012410"
"P9709","2006-01","-0.004884"
"P9712","2006-01","-0.004884"
"P9714","2006-01","-0.004884"
"P9715","2006-01","-0.012410"
"P9713","2006-01","-0.012410"
"P9706","2006-02","0.000704"
"P9707","2006-02","-0.011129"
"P9710","2006-02","-0.001753"
"P9709","2006-02","0.000704"
"P9712","2006-02","0.000704"
"P9714","2006-02","0.000704"
"P9715","2006-02","-0.001753"
"P9713","2006-02","-0.001753"
"P9706","2006-03","-0.007200"
"P9707","2006-03","-0.054693"
"P9710","2006-03","-0.014392"
"P9709","2006-03","-0.007200"
"P9712","2006-03","-0.007200"
"P9714","2006-03","-0.007200"
"P9715","2006-03","-0.014392"
"P9713","2006-03","-0.014392"
"P9706","2006-04","0.035216"
"P9707","2006-04","-0.071978"
"P9710","2006-04","0.030371"
"P9709","2006-04","0.035216"
"P9712","2006-04","0.035216"
"P9714","2006-04","0.035216"
"P9715","2006-04","0.030371"
"P9713","2006-04","0.030371"
"P9706","2006-05","-0.013383"
"P9707","2006-05","-0.001171"
"P9710","2006-05","-0.007043"
"P9709","2006-05","-0.013383"
"P9712","2006-05","-0.013383"
"P9714","2006-05","-0.013383"
"P9715","2006-05","-0.007043"
"P9713","2006-05","-0.007043"
"P9706","2006-06","-0.008172"
"P9707","2006-06","0.008609"
"P9710","2006-06","-0.004349"
"P9709","2006-06","-0.008172"
"P9712","2006-06","-0.008172"
"P9714","2006-06","-0.008172"
"P9715","2006-06","-0.004349"
"P9713","2006-06","-0.004349"
"P9706","2006-07","-0.009609"
"P9707","2006-07","-0.038656"
"P9710","2006-07","-0.014063"
"P9709","2006-07","-0.009609"
"P9712","2006-07","-0.009609"
"P9714","2006-07","-0.009609"
"P9715","2006-07","-0.014063"
"P9713","2006-07","-0.014063"
"P9706","2006-08","-0.022067"
"P9707","2006-08","-0.023278"
"P9710","2006-08","-0.020201"
"P9709","2006-08","-0.022067"
"P9712","2006-08","-0.022067"
"P9714","2006-08","-0.022067"
"P9715","2006-08","-0.020201"
"P9713","2006-08","-0.020201"
"P9706","2006-09","-0.031227"
"P9707","2006-09","0.166546"
"P9710","2006-09","-0.019750"
"P9709","2006-09","-0.031227"
"P9712","2006-09","-0.031227"
"P9714","2006-09","-0.031227"
"P9715","2006-09","-0.019750"
"P9713","2006-09","-0.019750"
"P9706","2006-10","0.037411"
"P9707","2006-10","-0.020995"
"P9710","2006-10","0.032909"
"P9709","2006-10","0.037411"
"P9712","2006-10","0.037411"
"P9714","2006-10","0.037411"
"P9715","2006-10","0.032909"
"P9713","2006-10","0.032909"
"P9706","2006-11","0.006660"
"P9707","2006-11","-0.049944"
"P9710","2006-11","0.001603"
"P9709","2006-11","0.006660"
"P9712","2006-11","0.006660"
"P9714","2006-11","0.006660"
"P9715","2006-11","0.001603"
"P9713","2006-11","0.001603"
"P9706","2006-12","-0.002068"
"P9707","2006-12","-0.055422"
"P9710","2006-12","-0.004154"
"P9709","2006-12","-0.002068"
"P9712","2006-12","-0.002068"
"P9714","2006-12","-0.002068"
"P9715","2006-12","-0.004154"
"P9713","2006-12","-0.004154"
"P9706","2007-01","-0.002018"
"P9707","2007-01","0.056392"
"P9710","2007-01","0.002234"
"P9709","2007-01","-0.002018"
"P9712","2007-01","-0.002018"
"P9714","2007-01","-0.002018"
"P9715","2007-01","0.002234"
"P9713","2007-01","0.002234"
"P9706","2007-02","0.035862"
"P9707","2007-02","0.057647"
"P9710","2007-02","0.039069"
"P9709","2007-02","0.035862"
"P9712","2007-02","0.035862"
"P9714","2007-02","0.035862"
"P9715","2007-02","0.039069"
"P9713","2007-02","0.039069"
"P9706","2007-03","0.003742"
"P9707","2007-03","-0.019517"
"P9710","2007-03","0.003950"
"P9709","2007-03","0.003742"
"P9712","2007-03","0.003742"
"P9714","2007-03","0.003742"
"P9715","2007-03","0.003950"
"P9713","2007-03","0.003950"
"P9706","2007-04","0.052992"
"P9707","2007-04","0.027694"
"P9710","2007-04","0.056328"
"P9709","2007-04","0.052992"
"P9712","2007-04","0.052992"
"P9714","2007-04","0.052992"
"P9715","2007-04","0.056328"
"P9713","2007-04","0.056328"
"P9706","2007-05","-0.014156"
"P9707","2007-05","-0.019121"
"P9710","2007-05","-0.018509"
"P9709","2007-05","-0.014156"
"P9712","2007-05","-0.014156"
"P9714","2007-05","-0.014156"
"P9715","2007-05","-0.018509"
"P9713","2007-05","-0.018509"
"P9706","2007-06","-0.097152"
"P9707","2007-06","-0.028992"
"P9710","2007-06","-0.091253"
"P9709","2007-06","-0.097152"
"P9712","2007-06","-0.097152"
"P9714","2007-06","-0.097152"
"P9715","2007-06","-0.091253"
"P9713","2007-06","-0.091253"
"P9706","2007-07","0.013097"
"P9707","2007-07","-0.054722"
"P9710","2007-07","0.008253"
"P9709","2007-07","0.013097"
"P9712","2007-07","0.013097"
"P9714","2007-07","0.013097"
"P9715","2007-07","0.008253"
"P9713","2007-07","0.008253"
"P9706","2007-08","0.001608"
"P9707","2007-08","0.007233"
"P9710","2007-08","0.012328"
"P9709","2007-08","0.001608"
"P9712","2007-08","0.001608"
"P9714","2007-08","0.001608"
"P9715","2007-08","0.012328"
"P9713","2007-08","0.012328"
"P9706","2007-09","0.043838"
"P9707","2007-09","0.024197"
"P9710","2007-09","0.040791"
"P9709","2007-09","0.043838"
"P9712","2007-09","0.043838"
"P9714","2007-09","0.043838"
"P9715","2007-09","0.040791"
"P9713","2007-09","0.040791"
"P9706","2007-10","-0.036290"
"P9707","2007-10","-0.034392"
"P9710","2007-10","-0.037401"
"P9709","2007-10","-0.036290"
"P9712","2007-10","-0.036290"
"P9714","2007-10","-0.036290"
"P9715","2007-10","-0.037401"
"P9713","2007-10","-0.037401"
"P9706","2007-11","0.008438"
"P9707","2007-11","-0.014334"
"P9710","2007-11","0.008769"
"P9709","2007-11","0.008438"
"P9712","2007-11","0.008438"
"P9714","2007-11","0.008438"
"P9715","2007-11","0.008769"
"P9713","2007-11","0.008769"
"P9706","2007-12","0.008662"
"P9707","2007-12","0.028281"
"P9710","2007-12","0.015981"
"P9709","2007-12","0.008662"
"P9712","2007-12","0.008662"
"P9714","2007-12","0.008662"
"P9715","2007-12","0.015981"
"P9713","2007-12","0.015981"
"P9706","2008-01","-0.024440"
"P9707","2008-01","-0.010766"
"P9710","2008-01","-0.019282"
"P9709","2008-01","-0.024440"
"P9712","2008-01","-0.024440"
"P9714","2008-01","-0.024440"
"P9713","2008-01","-0.019282"
"P9715","2008-01","-0.019282"
"P9706","2008-02","0.027775"
"P9707","2008-02","-0.043007"
"P9710","2008-02","0.025241"
"P9709","2008-02","0.027775"
"P9712","2008-02","0.027775"
"P9714","2008-02","0.027775"
"P9713","2008-02","0.025241"
"P9715","2008-02","0.025241"
"P9706","2008-03","-0.037009"
"P9707","2008-03","-0.035947"
"P9710","2008-03","-0.037296"
"P9709","2008-03","-0.037009"
"P9712","2008-03","-0.037009"
"P9714","2008-03","-0.037009"
"P9713","2008-03","-0.037296"
"P9715","2008-03","-0.037296"
"P9706","2008-04","-0.020180"
"P9707","2008-04","0.021688"
"P9710","2008-04","-0.019699"
"P9709","2008-04","-0.020180"
"P9712","2008-04","-0.020180"
"P9714","2008-04","-0.020180"
"P9713","2008-04","-0.019699"
"P9715","2008-04","-0.019699"
"P9706","2008-05","0.045009"
"P9707","2008-05","-0.026987"
"P9710","2008-05","0.037803"
"P9709","2008-05","0.045009"
"P9712","2008-05","0.045009"
"P9714","2008-05","0.045009"
"P9713","2008-05","0.037803"
"P9715","2008-05","0.037803"
"P9706","2008-06","-0.015263"
"P9707","2008-06","-0.020037"
"P9710","2008-06","-0.021667"
"P9709","2008-06","-0.015263"
"P9712","2008-06","-0.015263"
"P9714","2008-06","-0.015263"
"P9713","2008-06","-0.021667"
"P9715","2008-06","-0.021667"
"P9706","2008-07","0.002494"
"P9707","2008-07","0.031128"
"P9710","2008-07","0.005265"
"P9709","2008-07","0.002494"
"P9712","2008-07","0.002494"
"P9714","2008-07","0.002494"
"P9713","2008-07","0.005265"
"P9715","2008-07","0.005265"
"P9706","2008-08","0.030025"
"P9707","2008-08","0.054273"
"P9710","2008-08","0.033998"
"P9709","2008-08","0.030025"
"P9712","2008-08","0.030025"
"P9714","2008-08","0.030025"
"P9713","2008-08","0.033998"
"P9715","2008-08","0.033998"
"P9706","2008-09","0.038559"
"P9707","2008-09","0.042278"
"P9710","2008-09","0.041761"
"P9709","2008-09","0.038559"
"P9712","2008-09","0.038559"
"P9714","2008-09","0.038559"
"P9713","2008-09","0.041761"
"P9715","2008-09","0.041761"
"P9706","2008-10","0.030914"
"P9707","2008-10","-0.039889"
"P9710","2008-10","0.027552"
"P9709","2008-10","0.030914"
"P9712","2008-10","0.030914"
"P9714","2008-10","0.030914"
"P9713","2008-10","0.027552"
"P9715","2008-10","0.027552"
"P9706","2008-11","-0.016304"
"P9707","2008-11","-0.017985"
"P9710","2008-11","-0.015705"
"P9709","2008-11","-0.016304"
"P9712","2008-11","-0.016304"
"P9714","2008-11","-0.016304"
"P9713","2008-11","-0.015705"
"P9715","2008-11","-0.015705"
"P9706","2008-12","-0.039060"
"P9707","2008-12","-0.070575"
"P9710","2008-12","-0.042539"
"P9709","2008-12","-0.039060"
"P9712","2008-12","-0.039060"
"P9714","2008-12","-0.039060"
"P9713","2008-12","-0.042539"
"P9715","2008-12","-0.042539"
"P9706","2009-01","-0.017948"
"P9707","2009-01","-0.007066"
"P9710","2009-01","-0.018095"
"P9709","2009-01","-0.017948"
"P9712","2009-01","-0.017948"
"P9714","2009-01","-0.017948"
"P9713","2009-01","-0.018095"
"P9715","2009-01","-0.018095"
"P9706","2009-02","-0.017867"
"P9707","2009-02","0.013662"
"P9710","2009-02","-0.013114"
"P9709","2009-02","-0.017867"
"P9712","2009-02","-0.017867"
"P9714","2009-02","-0.017867"
"P9713","2009-02","-0.013114"
"P9715","2009-02","-0.013114"
"P9706","2009-03","-0.051336"
"P9707","2009-03","-0.110419"
"P9710","2009-03","-0.053574"
"P9709","2009-03","-0.051336"
"P9712","2009-03","-0.051336"
"P9714","2009-03","-0.051336"
"P9713","2009-03","-0.053574"
"P9715","2009-03","-0.053574"
"P9706","2009-04","0.014925"
"P9707","2009-04","0.003988"
"P9710","2009-04","0.015162"
"P9709","2009-04","0.014925"
"P9712","2009-04","0.014925"
"P9713","2009-04","0.015162"
"P9714","2009-04","0.014925"
"P9715","2009-04","0.015162"
"P9706","2009-05","0.003847"
"P9707","2009-05","-0.009173"
"P9710","2009-05","0.003840"
"P9709","2009-05","0.003847"
"P9712","2009-05","0.003847"
"P9713","2009-05","0.003840"
"P9714","2009-05","0.003847"
"P9715","2009-05","0.003840"
"P9706","2009-06","-0.016677"
"P9707","2009-06","-0.010822"
"P9710","2009-06","-0.014348"
"P9709","2009-06","-0.016677"
"P9712","2009-06","-0.016677"
"P9713","2009-06","-0.014348"
"P9714","2009-06","-0.016677"
"P9715","2009-06","-0.014348"
"P9706","2009-07","0.021235"
"P9707","2009-07","0.096541"
"P9710","2009-07","0.021812"
"P9709","2009-07","0.021235"
"P9712","2009-07","0.021235"
"P9713","2009-07","0.021812"
"P9714","2009-07","0.021235"
"P9715","2009-07","0.021812"
"P9706","2009-08","-0.023972"
"P9707","2009-08","0.007468"
"P9710","2009-08","-0.022888"
"P9709","2009-08","-0.023972"
"P9712","2009-08","-0.023972"
"P9713","2009-08","-0.022888"
"P9714","2009-08","-0.023972"
"P9715","2009-08","-0.022888"
"P9706","2009-09","-0.016304"
"P9707","2009-09","-0.015687"
"P9710","2009-09","-0.014058"
"P9709","2009-09","-0.016304"
"P9712","2009-09","-0.016304"
"P9713","2009-09","-0.014058"
"P9714","2009-09","-0.016304"
"P9715","2009-09","-0.014058"
"P9705","2009-10",""
"P9706","2009-10","-0.003578"
"P9707","2009-10","0.023562"
"P9710","2009-10","-0.001718"
"P9709","2009-10","-0.003578"
"P9712","2009-10","-0.003578"
"P9713","2009-10","-0.001718"
"P9714","2009-10","-0.003578"
"P9715","2009-10","-0.001718"
"P9705","2009-11",""
"P9706","2009-11","0.003528"
"P9707","2009-11","0.082723"
"P9710","2009-11","0.006655"
"P9709","2009-11","0.003528"
"P9712","2009-11","0.003528"
"P9713","2009-11","0.006655"
"P9714","2009-11","0.003528"
"P9715","2009-11","0.006655"
"P9705","2009-12",""
"P9706","2009-12","0.025173"
"P9707","2009-12","-0.013348"
"P9710","2009-12","0.022925"
"P9709","2009-12","0.025173"
"P9712","2009-12","0.025173"
"P9713","2009-12","0.022925"
"P9714","2009-12","0.025173"
"P9715","2009-12","0.022925"
"P9705","2010-01",""
"P9706","2010-01","-0.018919"
"P9707","2010-01","-0.003722"
"P9710","2010-01","-0.016218"
"P9709","2010-01","-0.018919"
"P9712","2010-01","-0.018919"
"P9713","2010-01","-0.016218"
"P9714","2010-01","-0.018919"
"P9715","2010-01","-0.016218"
"P9705","2010-02",""
"P9706","2010-02","-0.019492"
"P9707","2010-02","-0.013814"
"P9710","2010-02","-0.019934"
"P9709","2010-02","-0.019492"
"P9712","2010-02","-0.019492"
"P9713","2010-02","-0.019934"
"P9714","2010-02","-0.019492"
"P9715","2010-02","-0.019934"
"P9705","2010-03",""
"P9706","2010-03","-0.005504"
"P9707","2010-03","-0.026822"
"P9710","2010-03","-0.007624"
"P9709","2010-03","-0.005504"
"P9712","2010-03","-0.005504"
"P9713","2010-03","-0.007624"
"P9714","2010-03","-0.005504"
"P9715","2010-03","-0.007624"
"P9705","2010-04",""
"P9706","2010-04","-0.019223"
"P9707","2010-04","0.045132"
"P9710","2010-04","-0.013715"
"P9709","2010-04","-0.019223"
"P9712","2010-04","-0.019223"
"P9713","2010-04","-0.013715"
"P9714","2010-04","-0.019223"
"P9715","2010-04","-0.013715"
"P9705","2010-05",""
"P9706","2010-05","-0.002986"
"P9707","2010-05","-0.078183"
"P9710","2010-05","-0.007514"
"P9709","2010-05","-0.002986"
"P9712","2010-05","-0.002986"
"P9713","2010-05","-0.007514"
"P9714","2010-05","-0.002986"
"P9715","2010-05","-0.007514"
"P9705","2010-06",""
"P9706","2010-06","0.003928"
"P9707","2010-06","-0.018408"
"P9710","2010-06","0.003106"
"P9709","2010-06","0.003928"
"P9712","2010-06","0.003928"
"P9713","2010-06","0.003106"
"P9714","2010-06","0.003928"
"P9715","2010-06","0.003106"
"P9705","2010-07","0.010758"
"P9706","2010-07","-0.023996"
"P9707","2010-07","-0.021856"
"P9710","2010-07","-0.027723"
"P9709","2010-07","-0.026853"
"P9712","2010-07","-0.023996"
"P9713","2010-07","-0.024992"
"P9714","2010-07","-0.026853"
"P9715","2010-07","-0.027723"
"P9705","2010-08","0.030422"
"P9706","2010-08","-0.072669"
"P9707","2010-08","-0.050071"
"P9710","2010-08","-0.076100"
"P9709","2010-08","-0.075616"
"P9712","2010-08","-0.072669"
"P9713","2010-08","-0.073223"
"P9714","2010-08","-0.075616"
"P9715","2010-08","-0.076100"
"P9705","2010-09","0.057888"
"P9706","2010-09","-0.041734"
"P9707","2010-09","-0.008397"
"P9710","2010-09","-0.044569"
"P9709","2010-09","-0.044449"
"P9712","2010-09","-0.041734"
"P9713","2010-09","-0.041821"
"P9714","2010-09","-0.044449"
"P9715","2010-09","-0.044569"
"P9705","2010-10","0.002894"
"P9706","2010-10","0.011989"
"P9707","2010-10","0.025537"
"P9710","2010-10","0.014421"
"P9709","2010-10","0.013824"
"P9712","2010-10","0.011989"
"P9713","2010-10","0.012515"
"P9714","2010-10","0.013824"
"P9715","2010-10","0.014421"
"P9705","2010-11","-0.002005"
"P9706","2010-11","-0.037153"
"P9707","2010-11","0.001236"
"P9710","2010-11","-0.032881"
"P9709","2010-11","-0.035480"
"P9712","2010-11","-0.037153"
"P9713","2010-11","-0.034480"
"P9714","2010-11","-0.035480"
"P9715","2010-11","-0.032881"
"P9705","2010-12","-0.011840"
"P9706","2010-12","0.015710"
"P9707","2010-12","0.008624"
"P9710","2010-12","0.016888"
"P9709","2010-12","0.015333"
"P9712","2010-12","0.015710"
"P9713","2010-12","0.017347"
"P9714","2010-12","0.015333"
"P9715","2010-12","0.016888"
"P9705","2011-01","-0.022117"
"P9706","2011-01","0.042217"
"P9707","2011-01","0.026982"
"P9710","2011-01","0.039441"
"P9709","2011-01","0.040893"
"P9712","2011-01","0.042217"
"P9713","2011-01","0.040829"
"P9714","2011-01","0.040893"
"P9715","2011-01","0.039441"
"P9705","2011-02","-0.000462"
"P9706","2011-02","-0.029142"
"P9707","2011-02","-0.013768"
"P9710","2011-02","-0.030008"
"P9709","2011-02","-0.030126"
"P9712","2011-02","-0.029142"
"P9713","2011-02","-0.029182"
"P9714","2011-02","-0.030126"
"P9715","2011-02","-0.030008"
"P9705","2011-03","0.036368"
"P9706","2011-03","0.010275"
"P9707","2011-03","0.006882"
"P9710","2011-03","0.009483"
"P9709","2011-03","0.008039"
"P9712","2011-03","0.010275"
"P9713","2011-03","0.011650"
"P9714","2011-03","0.008039"
"P9715","2011-03","0.009483"
"P9705","2011-04","-0.014594"
"P9706","2011-04","0.005179"
"P9707","2011-04","-0.001617"
"P9710","2011-04","0.003395"
"P9709","2011-04","0.003979"
"P9712","2011-04","0.005179"
"P9713","2011-04","0.004492"
"P9714","2011-04","0.003979"
"P9715","2011-04","0.003395"
"P9705","2011-05","-0.069560"
"P9706","2011-05","0.001411"
"P9707","2011-05","-0.014330"
"P9710","2011-05","0.000903"
"P9709","2011-05","0.002114"
"P9712","2011-05","0.001411"
"P9713","2011-05","0.000222"
"P9714","2011-05","0.002114"
"P9715","2011-05","0.000903"
"P9705","2011-06","0.074013"
"P9706","2011-06","-0.015471"
"P9707","2011-06","-0.029895"
"P9710","2011-06","-0.017555"
"P9709","2011-06","-0.016585"
"P9712","2011-06","-0.015471"
"P9713","2011-06","-0.016619"
"P9714","2011-06","-0.016585"
"P9715","2011-06","-0.017555"
"P9705","2011-07","0.017246"
"P9706","2011-07","-0.048526"
"P9707","2011-07","-0.036405"
"P9710","2011-07","-0.045424"
"P9709","2011-07","-0.044865"
"P9712","2011-07","-0.048526"
"P9713","2011-07","-0.049045"
"P9714","2011-07","-0.044865"
"P9715","2011-07","-0.045424"
"P9705","2011-08","-0.027566"
"P9706","2011-08","-0.014155"
"P9707","2011-08","-0.049531"
"P9710","2011-08","-0.010494"
"P9709","2011-08","-0.012194"
"P9712","2011-08","-0.014155"
"P9713","2011-08","-0.012647"
"P9714","2011-08","-0.012194"
"P9715","2011-08","-0.010494"
"P9705","2011-09","0.009831"
"P9706","2011-09","0.037764"
"P9707","2011-09","0.013785"
"P9710","2011-09","0.027326"
"P9709","2011-09","0.036443"
"P9712","2011-09","0.037764"
"P9713","2011-09","0.028682"
"P9714","2011-09","0.036443"
"P9715","2011-09","0.027326"
"P9705","2011-10","-0.031837"
"P9706","2011-10","0.022534"
"P9707","2011-10","0.041551"
"P9710","2011-10","0.031817"
"P9709","2011-10","0.023869"
"P9712","2011-10","0.022534"
"P9713","2011-10","0.030583"
"P9714","2011-10","0.023869"
"P9715","2011-10","0.031817"
"P9705","2011-11","-0.002773"
"P9706","2011-11","-0.016278"
"P9707","2011-11","-0.036565"
"P9710","2011-11","-0.015362"
"P9709","2011-11","-0.014623"
"P9712","2011-11","-0.016278"
"P9713","2011-11","-0.017170"
"P9714","2011-11","-0.014623"
"P9715","2011-11","-0.015362"
"P9705","2011-12","0.027493"
"P9706","2011-12","0.077872"
"P9707","2011-12","0.070637"
"P9710","2011-12","0.074954"
"P9709","2011-12","0.078564"
"P9712","2011-12","0.077872"
"P9713","2011-12","0.074771"
"P9714","2011-12","0.078564"
"P9715","2011-12","0.074954"
"P9705","2012-01","-0.005810"
"P9706","2012-01","-0.001910"
"P9707","2012-01","0.003185"
"P9710","2012-01","-0.007692"
"P9709","2012-01","-0.007071"
"P9712","2012-01","-0.001910"
"P9713","2012-01","-0.002366"
"P9714","2012-01","-0.007071"
"P9715","2012-01","-0.007692"
"P9705","2012-02","0.011048"
"P9706","2012-02","-0.035494"
"P9707","2012-02","0.006512"
"P9710","2012-02","-0.032177"
"P9709","2012-02","-0.035422"
"P9712","2012-02","-0.035494"
"P9713","2012-02","-0.032431"
"P9714","2012-02","-0.035422"
"P9715","2012-02","-0.032177"
"P9705","2012-03","-0.016996"
"P9706","2012-03","0.013754"
"P9707","2012-03","-0.033224"
"P9710","2012-03","0.012140"
"P9709","2012-03","0.011931"
"P9712","2012-03","0.013754"
"P9713","2012-03","0.014016"
"P9714","2012-03","0.011931"
"P9715","2012-03","0.012140"
"P9705","2012-04","-0.031252"
"P9706","2012-04","-0.016191"
"P9707","2012-04","-0.010389"
"P9710","2012-04","-0.018841"
"P9709","2012-04","-0.020842"
"P9712","2012-04","-0.016191"
"P9713","2012-04","-0.014234"
"P9714","2012-04","-0.020842"
"P9715","2012-04","-0.018841"
"P9705","2012-05","-0.001541"
"P9706","2012-05","-0.022805"
"P9707","2012-05","0.004957"
"P9710","2012-05","-0.014977"
"P9709","2012-05","-0.020160"
"P9712","2012-05","-0.022805"
"P9713","2012-05","-0.017697"
"P9714","2012-05","-0.020160"
"P9715","2012-05","-0.014977"
"P9705","2012-06","0.024072"
"P9706","2012-06","0.008672"
"P9707","2012-06","0.028404"
"P9710","2012-06","0.011939"
"P9709","2012-06","0.012482"
"P9712","2012-06","0.008672"
"P9713","2012-06","0.008225"
"P9714","2012-06","0.012482"
"P9715","2012-06","0.011939"
"P9705","2012-07","-0.026425"
"P9706","2012-07","0.008590"
"P9707","2012-07","-0.039103"
"P9710","2012-07","0.007370"
"P9709","2012-07","0.008125"
"P9712","2012-07","0.008590"
"P9713","2012-07","0.007305"
"P9714","2012-07","0.008125"
"P9715","2012-07","0.007370"
"P9705","2012-08","0.031418"
"P9706","2012-08","-0.013849"
"P9707","2012-08","0.051466"
"P9710","2012-08","-0.024495"
"P9709","2012-08","-0.009528"
"P9712","2012-08","-0.013849"
"P9713","2012-08","-0.028652"
"P9714","2012-08","-0.009528"
"P9715","2012-08","-0.024495"
"P9705","2012-09","-0.003255"
"P9706","2012-09","-0.017613"
"P9707","2012-09","0.045455"
"P9710","2012-09","-0.019912"
"P9709","2012-09","-0.020544"
"P9712","2012-09","-0.017613"
"P9713","2012-09","-0.017137"
"P9714","2012-09","-0.020544"
"P9715","2012-09","-0.019912"
"P9705","2012-10","-0.000463"
"P9706","2012-10","0.009161"
"P9707","2012-10","0.014063"
"P9710","2012-10","0.008142"
"P9709","2012-10","0.007640"
"P9712","2012-10","0.009161"
"P9713","2012-10","0.009670"
"P9714","2012-10","0.007640"
"P9715","2012-10","0.008142"
"P9705","2012-11","0.030423"
"P9706","2012-11","0.049552"
"P9707","2012-11","0.054017"
"P9710","2012-11","0.051992"
"P9709","2012-11","0.049476"
"P9712","2012-11","0.049552"
"P9713","2012-11","0.052408"
"P9714","2012-11","0.049476"
"P9715","2012-11","0.051992"
"P9705","2012-12","-0.008860"
"P9706","2012-12","0.019684"
"P9707","2012-12","0.030434"
"P9710","2012-12","0.017430"
"P9709","2012-12","0.020988"
"P9712","2012-12","0.019684"
"P9713","2012-12","0.016351"
"P9714","2012-12","0.020988"
"P9715","2012-12","0.017430"
"P9705","2013-01","-0.026691"
"P9706","2013-01","0.012456"
"P9707","2013-01","-0.008533"
"P9710","2013-01","0.013377"
"P9709","2013-01","0.014323"
"P9712","2013-01","0.012456"
"P9713","2013-01","0.012279"
"P9714","2013-01","0.014323"
"P9715","2013-01","0.013377"
"P9705","2013-02","-0.031543"
"P9706","2013-02","-0.018042"
"P9707","2013-02","0.014530"
"P9710","2013-02","-0.011772"
"P9709","2013-02","-0.013598"
"P9712","2013-02","-0.018042"
"P9713","2013-02","-0.016096"
"P9714","2013-02","-0.013598"
"P9715","2013-02","-0.011772"
"P9705","2013-03","-0.015726"
"P9706","2013-03","-0.013050"
"P9707","2013-03","0.023943"
"P9710","2013-03","-0.009729"
"P9709","2013-03","-0.011906"
"P9712","2013-03","-0.013050"
"P9713","2013-03","-0.010908"
"P9714","2013-03","-0.011906"
"P9715","2013-03","-0.009729"
"P9705","2013-04","-0.032399"
"P9706","2013-04","0.007882"
"P9707","2013-04","0.033963"
"P9710","2013-04","0.014212"
"P9709","2013-04","0.011257"
"P9712","2013-04","0.007882"
"P9713","2013-04","0.011103"
"P9714","2013-04","0.011257"
"P9715","2013-04","0.014212"
"P9705","2013-05","-0.038218"
"P9706","2013-05","-0.029334"
"P9707","2013-05","-0.042359"
"P9710","2013-05","-0.027813"
"P9709","2013-05","-0.024026"
"P9712","2013-05","-0.029334"
"P9713","2013-05","-0.033288"
"P9714","2013-05","-0.024026"
"P9715","2013-05","-0.027813"
"P9705","2013-06","-0.050620"
"P9706","2013-06","0.000822"
"P9707","2013-06","0.011994"
"P9710","2013-06","0.009903"
"P9709","2013-06","0.005770"
"P9712","2013-06","0.000822"
"P9713","2013-06","0.005554"
"P9714","2013-06","0.005770"
"P9715","2013-06","0.009903"
"P9705","2013-07","-0.015523"
"P9706","2013-07","-0.001922"
"P9707","2013-07","0.006062"
"P9710","2013-07","0.000786"
"P9709","2013-07","0.002368"
"P9712","2013-07","-0.001922"
"P9713","2013-07","-0.004017"
"P9714","2013-07","0.002368"
"P9715","2013-07","0.000786"
"P9705","2013-08","0.022222"
"P9706","2013-08","0.000976"
"P9707","2013-08","-0.008098"
"P9710","2013-08","-0.001118"
"P9709","2013-08","0.000369"
"P9712","2013-08","0.000976"
"P9713","2013-08","-0.000679"
"P9714","2013-08","0.000369"
"P9715","2013-08","-0.001118"
"P9705","2013-09","-0.046729"
"P9706","2013-09","0.028554"
"P9707","2013-09","0.012027"
"P9710","2013-09","0.031963"
"P9709","2013-09","0.033868"
"P9712","2013-09","0.028554"
"P9713","2013-09","0.026475"
"P9714","2013-09","0.033868"
"P9715","2013-09","0.031963"
"P9705","2013-10","0.015628"
"P9706","2013-10","0.024334"
"P9707","2013-10","0.008113"
"P9710","2013-10","0.021473"
"P9709","2013-10","0.020912"
"P9712","2013-10","0.024334"
"P9713","2013-10","0.025014"
"P9714","2013-10","0.020912"
"P9715","2013-10","0.021473"
"P9705","2013-11","0.054446"
"P9706","2013-11","-0.004821"
"P9707","2013-11","-0.032558"
"P9710","2013-11","0.004040"
"P9709","2013-11","0.005128"
"P9712","2013-11","-0.004821"
"P9713","2013-11","-0.006228"
"P9714","2013-11","0.005128"
"P9715","2013-11","0.004040"
"P9705","2013-12","0.011708"
"P9706","2013-12","0.006426"
"P9707","2013-12","0.026367"
"P9710","2013-12","0.005148"
"P9709","2013-12","0.003458"
"P9712","2013-12","0.006426"
"P9713","2013-12","0.008325"
"P9714","2013-12","0.003458"
"P9715","2013-12","0.005148"
"P9705","2014-01","-0.049869"
"P9706","2014-01","0.011126"
"P9707","2014-01","0.016786"
"P9710","2014-01","0.019262"
"P9709","2014-01","0.019176"
"P9712","2014-01","0.011126"
"P9713","2014-01","0.011162"
"P9714","2014-01","0.019176"
"P9715","2014-01","0.019262"
"P9705","2014-02","-0.020135"
"P9706","2014-02","0.006902"
"P9707","2014-02","-0.002123"
"P9710","2014-02","0.002356"
"P9709","2014-02","0.003771"
"P9712","2014-02","0.006902"
"P9713","2014-02","0.004885"
"P9714","2014-02","0.003771"
"P9715","2014-02","0.002356"
"P9705","2014-03","0.039034"
"P9706","2014-03","0.008320"
"P9707","2014-03","-0.006325"
"P9710","2014-03","0.002588"
"P9709","2014-03","0.003880"
"P9712","2014-03","0.008320"
"P9713","2014-03","0.006623"
"P9714","2014-03","0.003880"
"P9715","2014-03","0.002588"
"P9705","2014-04","0.030456"
"P9706","2014-04","-0.002906"
"P9707","2014-04","-0.016558"
"P9710","2014-04","-0.001476"
"P9709","2014-04","-0.001654"
"P9712","2014-04","-0.002906"
"P9713","2014-04","-0.002447"
"P9714","2014-04","-0.001654"
"P9715","2014-04","-0.001476"
"P9705","2014-05","-0.017622"
"P9706","2014-05","-0.002123"
"P9707","2014-05","0.012867"
"P9710","2014-05","0.002461"
"P9709","2014-05","0.002149"
"P9712","2014-05","-0.002123"
"P9713","2014-05","-0.001965"
"P9714","2014-05","0.002149"
"P9715","2014-05","0.002461"
"P9705","2014-06","0.022818"
"P9706","2014-06","-0.006164"
"P9707","2014-06","-0.005148"
"P9710","2014-06","-0.000841"
"P9709","2014-06","-0.000557"
"P9712","2014-06","-0.006164"
"P9713","2014-06","-0.006434"
"P9714","2014-06","-0.000557"
"P9715","2014-06","-0.000841"
"P9705","2014-07","0.034336"
"P9706","2014-07","0.012432"
"P9707","2014-07","0.025313"
"P9710","2014-07","0.014892"
"P9709","2014-07","0.016330"
"P9712","2014-07","0.012432"
"P9713","2014-07","0.010517"
"P9714","2014-07","0.016330"
"P9715","2014-07","0.014892"
"P9705","2014-08","0.015402"
"P9706","2014-08","-0.029638"
"P9707","2014-08","0.003738"
"P9710","2014-08","-0.028319"
"P9709","2014-08","-0.028451"
"P9712","2014-08","-0.029638"
"P9713","2014-08","-0.029738"
"P9714","2014-08","-0.028451"
"P9715","2014-08","-0.028319"
"P9705","2014-09","0.055312"
"P9706","2014-09","-0.024025"
"P9707","2014-09","-0.047785"
"P9710","2014-09","-0.025604"
"P9709","2014-09","-0.021968"
"P9712","2014-09","-0.024025"
"P9713","2014-09","-0.028164"
"P9714","2014-09","-0.021968"
"P9715","2014-09","-0.025604"
"P9705","2014-10","-0.008147"
"P9706","2014-10","0.014167"
"P9707","2014-10","-0.007032"
"P9710","2014-10","0.013431"
"P9709","2014-10","0.013511"
"P9712","2014-10","0.014167"
"P9713","2014-10","0.014319"
"P9714","2014-10","0.013511"
"P9715","2014-10","0.013431"
"P9705","2014-11","0.027026"
"P9706","2014-11","0.048064"
"P9707","2014-11","0.024110"
"P9710","2014-11","0.048472"
"P9709","2014-11","0.048568"
"P9712","2014-11","0.048064"
"P9713","2014-11","0.047419"
"P9714","2014-11","0.048568"
"P9715","2014-11","0.048472"
"P9705","2014-12","-0.032054"
"P9706","2014-12","0.163813"
"P9707","2014-12","0.025046"
"P9710","2014-12","0.157869"
"P9709","2014-12","0.160514"
"P9712","2014-12","0.163813"
"P9713","2014-12","0.160084"
"P9714","2014-12","0.160514"
"P9715","2014-12","0.157869"
"P9705","2015-01","-0.028648"
"P9706","2015-01","-0.078932"
"P9707","2015-01","-0.055528"
"P9710","2015-01","-0.081815"
"P9709","2015-01","-0.082966"
"P9712","2015-01","-0.078932"
"P9713","2015-01","-0.078005"
"P9714","2015-01","-0.082966"
"P9715","2015-01","-0.081815"
"P9705","2015-02","-0.012555"
"P9706","2015-02","-0.042370"
"P9707","2015-02","-0.019493"
"P9710","2015-02","-0.047463"
"P9709","2015-02","-0.047362"
"P9712","2015-02","-0.042370"
"P9713","2015-02","-0.041915"
"P9714","2015-02","-0.047362"
"P9715","2015-02","-0.047463"
"P9705","2015-03","0.077070"
"P9706","2015-03","-0.043526"
"P9707","2015-03","0.008753"
"P9710","2015-03","-0.042332"
"P9709","2015-03","-0.041370"
"P9712","2015-03","-0.043526"
"P9713","2015-03","-0.044015"
"P9714","2015-03","-0.041370"
"P9715","2015-03","-0.042332"
"P9705","2015-04","-0.022227"
"P9706","2015-04","-0.000989"
"P9707","2015-04","-0.028855"
"P9710","2015-04","-0.003882"
"P9709","2015-04","-0.000341"
"P9712","2015-04","-0.000989"
"P9713","2015-04","-0.004574"
"P9714","2015-04","-0.000341"
"P9715","2015-04","-0.003882"
"P9705","2015-05","0.094420"
"P9706","2015-05","-0.155085"
"P9707","2015-05","0.109398"
"P9710","2015-05","-0.141985"
"P9709","2015-05","-0.147872"
"P9712","2015-05","-0.155085"
"P9713","2015-05","-0.148295"
"P9714","2015-05","-0.147872"
"P9715","2015-05","-0.141985"
"P9705","2015-06","-0.028366"
"P9706","2015-06","0.087961"
"P9707","2015-06","0.039150"
"P9710","2015-06","0.090142"
"P9709","2015-06","0.087550"
"P9712","2015-06","0.087961"
"P9713","2015-06","0.089528"
"P9714","2015-06","0.087550"
"P9715","2015-06","0.090142"
"P9705","2015-07","-0.023934"
"P9706","2015-07","0.032981"
"P9707","2015-07","0.007041"
"P9710","2015-07","0.027680"
"P9709","2015-07","0.028091"
"P9712","2015-07","0.032981"
"P9713","2015-07","0.032329"
"P9714","2015-07","0.028091"
"P9715","2015-07","0.027680"
"P9705","2015-08","-0.012666"
"P9706","2015-08","0.004538"
"P9707","2015-08","-0.021147"
"P9710","2015-08","0.011191"
"P9709","2015-08","0.010289"
"P9712","2015-08","0.004538"
"P9713","2015-08","0.006218"
"P9714","2015-08","0.010289"
"P9715","2015-08","0.011191"
"P9705","2015-09","-0.029136"
"P9706","2015-09","0.001465"
"P9707","2015-09","-0.050115"
"P9710","2015-09","-0.008273"
"P9709","2015-09","-0.007356"
"P9712","2015-09","0.001465"
"P9713","2015-09","-0.000242"
"P9714","2015-09","-0.007356"
"P9715","2015-09","-0.008273"
"P9705","2015-10","-0.071916"
"P9706","2015-10","-0.084965"
"P9707","2015-10","-0.048740"
"P9710","2015-10","-0.086640"
"P9709","2015-10","-0.085249"
"P9712","2015-10","-0.084965"
"P9713","2015-10","-0.087773"
"P9714","2015-10","-0.085249"
"P9715","2015-10","-0.086640"
"P9705","2015-11","0.024634"
"P9706","2015-11","-0.030140"
"P9707","2015-11","-0.030854"
"P9710","2015-11","-0.028209"
"P9709","2015-11","-0.029977"
"P9712","2015-11","-0.030140"
"P9713","2015-11","-0.029428"
"P9714","2015-11","-0.029977"
"P9715","2015-11","-0.028209"
"P9705","2015-12","-0.007100"
"P9706","2015-12","-0.036090"
"P9707","2015-12","-0.036784"
"P9710","2015-12","-0.029720"
"P9709","2015-12","-0.030819"
"P9712","2015-12","-0.036090"
"P9713","2015-12","-0.034647"
"P9714","2015-12","-0.030819"
"P9715","2015-12","-0.029720"
"P9705","2016-01","0.001642"
"P9706","2016-01","0.056645"
"P9707","2016-01","0.026120"
"P9710","2016-01","0.057309"
"P9709","2016-01","0.057358"
"P9712","2016-01","0.056645"
"P9713","2016-01","0.056744"
"P9714","2016-01","0.057358"
"P9715","2016-01","0.057309"
"P9705","2016-02","0.026096"
"P9706","2016-02","0.012250"
"P9707","2016-02","-0.001481"
"P9710","2016-02","0.015637"
"P9709","2016-02","0.015814"
"P9712","2016-02","0.012250"
"P9713","2016-02","0.012345"
"P9715","2016-02","0.015637"
"P9714","2016-02","0.015814"
"P9705","2016-03","0.036319"
"P9706","2016-03","-0.062220"
"P9707","2016-03","-0.066066"
"P9710","2016-03","-0.060982"
"P9709","2016-03","-0.061516"
"P9712","2016-03","-0.062220"
"P9713","2016-03","-0.062380"
"P9715","2016-03","-0.060982"
"P9714","2016-03","-0.061516"
"P9705","2016-04","-0.026098"
"P9706","2016-04","0.002069"
"P9707","2016-04","-0.015112"
"P9710","2016-04","0.002076"
"P9709","2016-04","0.001921"
"P9712","2016-04","0.002069"
"P9713","2016-04","0.002825"
"P9715","2016-04","0.002076"
"P9714","2016-04","0.001921"
"P9705","2016-05","0.027470"
"P9706","2016-05","0.001050"
"P9707","2016-05","0.015823"
"P9710","2016-05","0.004137"
"P9709","2016-05","0.003401"
"P9712","2016-05","0.001050"
"P9713","2016-05","0.001297"
"P9715","2016-05","0.004137"
"P9714","2016-05","0.003401"
"P9710","2016-06","-0.011975"
"P9706","2016-06","-0.011993"
"P9707","2016-06","0.004825"
"P9705","2016-06","0.063230"
"P9709","2016-06","-0.012338"
"P9712","2016-06","-0.011993"
"P9713","2016-06","-0.012523"
"P9715","2016-06","-0.011975"
"P9714","2016-06","-0.012338"
"P9707","2016-07","0.071988"
"P9710","2016-07","0.038543"
"P9706","2016-07","0.031216"
"P9705","2016-07","0.000624"
"P9709","2016-07","0.038034"
"P9712","2016-07","0.031216"
"P9713","2016-07","0.031948"
"P9715","2016-07","0.038543"
"P9714","2016-07","0.038034"
"P9706","2016-08","0.002691"
"P9705","2016-08","0.024953"
"P9710","2016-08","0.006488"
"P9707","2016-08","-0.006424"
"P9709","2016-08","0.007255"
"P9712","2016-08","0.002691"
"P9713","2016-08","0.002344"
"P9715","2016-08","0.006488"
"P9714","2016-08","0.007255"
"P9705","2016-09","-0.006456"
"P9706","2016-09","-0.005151"
"P9707","2016-09","0.023665"
"P9710","2016-09","-0.003681"
"P9709","2016-09","-0.001498"
"P9712","2016-09","-0.005151"
"P9713","2016-09","-0.006647"
"P9715","2016-09","-0.003681"
"P9714","2016-09","-0.001498"
"P9705","2016-10","-0.003233"
"P9706","2016-10","0.003094"
"P9707","2016-10","0.037339"
"P9710","2016-10","0.005292"
"P9709","2016-10","0.005547"
"P9712","2016-10","0.003094"
"P9713","2016-10","0.003012"
"P9715","2016-10","0.005292"
"P9714","2016-10","0.005547"
"P9705","2016-11","0.006342"
"P9706","2016-11","0.026210"
"P9707","2016-11","-0.002253"
"P9710","2016-11","0.023302"
"P9709","2016-11","0.024051"
"P9712","2016-11","0.026210"
"P9713","2016-11","0.025128"
"P9715","2016-11","0.023302"
"P9714","2016-11","0.024051"
"P9709","2016-12","0.019535"
"P9705","2016-12","-0.000284"
"P9706","2016-12","0.008234"
"P9707","2016-12","0.011225"
"P9710","2016-12","0.020336"
"P9712","2016-12","0.008234"
"P9713","2016-12","0.009474"
"P9715","2016-12","0.020336"
"P9714","2016-12","0.019535"
"P9705","2017-01","-0.012072"
"P9706","2017-01","0.035785"
"P9707","2017-01","0.044422"
"P9709","2017-01","0.036601"
"P9710","2017-01","0.036816"
"P9712","2017-01","0.035785"
"P9713","2017-01","0.035938"
"P9715","2017-01","0.036816"
"P9714","2017-01","0.036601"
"P9705","2017-02","-0.005172"
"P9706","2017-02","0.002453"
"P9707","2017-02","0.034295"
"P9709","2017-02","-0.000236"
"P9710","2017-02","-0.001109"
"P9712","2017-02","0.002453"
"P9713","2017-02","0.001989"
"P9715","2017-02","-0.001109"
"P9714","2017-02","-0.000236"
"P9705","2017-03","0.024415"
"P9706","2017-03","0.012869"
"P9707","2017-03","0.043023"
"P9709","2017-03","0.015728"
"P9710","2017-03","0.015810"
"P9712","2017-03","0.012869"
"P9713","2017-03","0.013656"
"P9715","2017-03","0.015810"
"P9714","2017-03","0.015728"
"P9705","2017-04","0.053524"
"P9706","2017-04","0.033696"
"P9707","2017-04","0.033318"
"P9709","2017-04","0.034233"
"P9710","2017-04","0.034389"
"P9712","2017-04","0.033696"
"P9713","2017-04","0.034121"
"P9715","2017-04","0.034389"
"P9714","2017-04","0.034233"
"P9705","2017-05","0.002273"
"P9706","2017-05","0.058584"
"P9707","2017-05","0.027380"
"P9709","2017-05","0.052539"
"P9710","2017-05","0.053163"
"P9712","2017-05","0.058584"
"P9713","2017-05","0.058880"
"P9715","2017-05","0.053163"
"P9714","2017-05","0.052539"
"P9705","2017-06","0.000926"
"P9706","2017-06","-0.015935"
"P9707","2017-06","0.001036"
"P9709","2017-06","-0.013642"
"P9710","2017-06","-0.014050"
"P9712","2017-06","-0.015935"
"P9713","2017-06","-0.016142"
"P9715","2017-06","-0.014050"
"P9714","2017-06","-0.013642"
"P9705","2017-07","-0.000937"
"P9706","2017-07","0.042951"
"P9707","2017-07","0.003206"
"P9709","2017-07","0.045625"
"P9710","2017-07","0.044200"
"P9712","2017-07","0.042951"
"P9713","2017-07","0.041587"
"P9715","2017-07","0.044200"
"P9714","2017-07","0.045625"
"P9705","2017-08","-0.010188"
"P9706","2017-08","-0.007024"
"P9707","2017-08","-0.011906"
"P9709","2017-08","-0.012049"
"P9710","2017-08","-0.011492"
"P9712","2017-08","-0.007024"
"P9713","2017-08","-0.007152"
"P9715","2017-08","-0.011492"
"P9714","2017-08","-0.012049"
"P9705","2017-09","-0.013948"
"P9706","2017-09","-0.022595"
"P9707","2017-09","0.029213"
"P9709","2017-09","-0.025053"
"P9710","2017-09","-0.022952"
"P9712","2017-09","-0.022595"
"P9713","2017-09","-0.020892"
"P9715","2017-09","-0.022952"
"P9714","2017-09","-0.025053"
"P9705","2017-10","-0.006335"
"P9706","2017-10","-0.012203"
"P9707","2017-10","0.039918"
"P9709","2017-10","-0.008678"
"P9710","2017-10","-0.008217"
"P9712","2017-10","-0.012203"
"P9713","2017-10","-0.010873"
"P9715","2017-10","-0.008217"
"P9714","2017-10","-0.008678"
"P9705","2017-11","-0.017942"
"P9706","2017-11","0.035765"
"P9707","2017-11","0.009479"
"P9709","2017-11","0.034210"
"P9710","2017-11","0.033247"
"P9712","2017-11","0.035765"
"P9713","2017-11","0.034377"
"P9715","2017-11","0.033247"
"P9714","2017-11","0.034210"
"P9705","2017-12","0.013711"
"P9706","2017-12","-0.005425"
"P9707","2017-12","0.044628"
"P9709","2017-12","-0.005106"
"P9710","2017-12","-0.003816"
"P9712","2017-12","-0.005425"
"P9713","2017-12","-0.003836"
"P9715","2017-12","-0.003816"
"P9714","2017-12","-0.005106"
"P9705","2018-01","0.013841"
"P9706","2018-01","0.074501"
"P9707","2018-01","0.004950"
"P9709","2018-01","0.072668"
"P9710","2018-01","0.071753"
"P9712","2018-01","0.074501"
"P9713","2018-01","0.073616"
"P9715","2018-01","0.071753"
"P9714","2018-01","0.072668"
"P9705","2018-02","0.026118"
"P9706","2018-02","-0.014218"
"P9707","2018-02","0.023077"
"P9709","2018-02","-0.019403"
"P9710","2018-02","-0.019527"
"P9712","2018-02","-0.014218"
"P9713","2018-02","-0.013513"
"P9715","2018-02","-0.019527"
"P9714","2018-02","-0.019403"
"P9705","2018-03","-0.012839"
"P9706","2018-03","-0.053316"
"P9707","2018-03","-0.020890"
"P9709","2018-03","-0.060303"
"P9710","2018-03","-0.060291"
"P9712","2018-03","-0.053316"
"P9713","2018-03","-0.053388"
"P9715","2018-03","-0.060291"
"P9714","2018-03","-0.060303"
"P9705","2018-04","-0.019228"
"P9706","2018-04","0.019126"
"P9707","2018-04","-0.082667"
"P9709","2018-04","0.014972"
"P9710","2018-04","0.011240"
"P9712","2018-04","0.019126"
"P9713","2018-04","0.015123"
"P9715","2018-04","0.011240"
"P9714","2018-04","0.014972"
"P9705","2018-05","-0.016286"
"P9706","2018-05","-0.011068"
"P9707","2018-05","-0.020372"
"P9709","2018-05","-0.007871"
"P9710","2018-05","-0.007970"
"P9712","2018-05","-0.011068"
"P9713","2018-05","-0.012005"
"P9715","2018-05","-0.007970"
"P9714","2018-05","-0.007871"
"P9705","2018-06","-0.012852"
"P9706","2018-06","0.035502"
"P9707","2018-06","0.011781"
"P9709","2018-06","0.029783"
"P9710","2018-06","0.030494"
"P9712","2018-06","0.035502"
"P9713","2018-06","0.036038"
"P9715","2018-06","0.030494"
"P9714","2018-06","0.029783"
"P9705","2018-07","-0.005444"
"P9706","2018-07","0.027801"
"P9707","2018-07","-0.016675"
"P9709","2018-07","0.029510"
"P9710","2018-07","0.029888"
"P9712","2018-07","0.027801"
"P9713","2018-07","0.028357"
"P9715","2018-07","0.029888"
"P9714","2018-07","0.029510"
"P9705","2018-08","-0.022143"
"P9706","2018-08","0.027970"
"P9707","2018-08","-0.019730"
"P9709","2018-08","0.024880"
"P9710","2018-08","0.024318"
"P9712","2018-08","0.027970"
"P9713","2018-08","0.026867"
"P9715","2018-08","0.024318"
"P9714","2018-08","0.024880"
"P9705","2018-09","-0.020567"
"P9706","2018-09","0.017577"
"P9707","2018-09","-0.026884"
"P9709","2018-09","0.017119"
"P9710","2018-09","0.016263"
"P9712","2018-09","0.017577"
"P9713","2018-09","0.016959"
"P9715","2018-09","0.016263"
"P9714","2018-09","0.017119"
"P9705","2018-10","0.025271"
"P9706","2018-10","0.053381"
"P9707","2018-10","-0.028962"
"P9709","2018-10","0.054054"
"P9710","2018-10","0.052656"
"P9712","2018-10","0.053381"
"P9713","2018-10","0.051600"
"P9715","2018-10","0.052656"
"P9714","2018-10","0.054054"
"P9705","2018-11","0.000664"
"P9706","2018-11","-0.053115"
"P9707","2018-11","-0.026754"
"P9709","2018-11","-0.048610"
"P9710","2018-11","-0.048684"
"P9712","2018-11","-0.053115"
"P9713","2018-11","-0.052767"
"P9715","2018-11","-0.048684"
"P9714","2018-11","-0.048610"
"P9705","2018-12","-0.002859"
"P9706","2018-12","0.005409"
"P9707","2018-12","0.001441"
"P9709","2018-12","0.006645"
"P9710","2018-12","0.006207"
"P9712","2018-12","0.005409"
"P9713","2018-12","0.004577"
"P9715","2018-12","0.006207"
"P9714","2018-12","0.006645"
"P9705","2019-01","0.016869"
"P9706","2019-01","0.015304"
"P9707","2019-01","0.010245"
"P9709","2019-01","0.014830"
"P9710","2019-01","0.014989"
"P9712","2019-01","0.015304"
"P9713","2019-01","0.015322"
"P9715","2019-01","0.014989"
"P9714","2019-01","0.014830"
"P9705","2019-02","-0.038285"
"P9706","2019-02","-0.085744"
"P9707","2019-02","0.002964"
"P9709","2019-02","-0.086775"
"P9710","2019-02","-0.084730"
"P9712","2019-02","-0.085744"
"P9713","2019-02","-0.083082"
"P9715","2019-02","-0.084730"
"P9714","2019-02","-0.086775"
"P9705","2019-03","0.012162"
"P9706","2019-03","-0.053366"
"P9707","2019-03","-0.051406"
"P9709","2019-03","-0.051009"
"P9710","2019-03","-0.050494"
"P9712","2019-03","-0.053366"
"P9713","2019-03","-0.052527"
"P9715","2019-03","-0.050494"
"P9714","2019-03","-0.051009"
"P9705","2019-04","0.011456"
"P9706","2019-04","0.003704"
"P9707","2019-04","-0.034970"
"P9709","2019-04","0.007523"
"P9710","2019-04","0.006568"
"P9712","2019-04","0.003704"
"P9713","2019-04","0.002681"
"P9715","2019-04","0.006568"
"P9714","2019-04","0.007523"
"P9705","2019-05","-0.014983"
"P9706","2019-05","0.010758"
"P9707","2019-05","0.011822"
"P9709","2019-05","0.007695"
"P9710","2019-05","0.007873"
"P9712","2019-05","0.010758"
"P9713","2019-05","0.010599"
"P9715","2019-05","0.007873"
"P9714","2019-05","0.007695"
"P9705","2019-06","-0.009448"
"P9706","2019-06","-0.002693"
"P9707","2019-06","-0.045016"
"P9709","2019-06","-0.003842"
"P9710","2019-06","-0.005256"
"P9712","2019-06","-0.002693"
"P9713","2019-06","-0.004101"
"P9715","2019-06","-0.005256"
"P9714","2019-06","-0.003842"
"P9705","2019-07","0.002923"
"P9706","2019-07","-0.001810"
"P9707","2019-07","0.040636"
"P9709","2019-07","-0.003672"
"P9710","2019-07","-0.001713"
"P9711","2019-07",""
"P9712","2019-07","-0.001810"
"P9713","2019-07","0.000552"
"P9715","2019-07","-0.001713"
"P9714","2019-07","-0.003672"
"P9705","2019-08","-0.018974"
"P9706","2019-08","-0.051040"
"P9707","2019-08","0.016230"
"P9709","2019-08","-0.051803"
"P9710","2019-08","-0.050947"
"P9711","2019-08",""
"P9712","2019-08","-0.051040"
"P9713","2019-08","-0.049496"
"P9715","2019-08","-0.050947"
"P9714","2019-08","-0.051803"
"P9705","2019-09","0.009721"
"P9706","2019-09","0.007989"
"P9707","2019-09","-0.015302"
"P9709","2019-09","0.004273"
"P9710","2019-09","0.003634"
"P9711","2019-09",""
"P9712","2019-09","0.007989"
"P9713","2019-09","0.007578"
"P9714","2019-09","0.004273"
"P9715","2019-09","0.003634"
"P9705","2019-10","-0.039962"
"P9706","2019-10","-0.000717"
"P9707","2019-10","0.006066"
"P9709","2019-10","-0.006449"
"P9710","2019-10","-0.006832"
"P9711","2019-10",""
"P9712","2019-10","-0.000717"
"P9713","2019-10","-0.000969"
"P9714","2019-10","-0.006449"
"P9715","2019-10","-0.006832"
"P9705","2019-11","0.026895"
"P9706","2019-11","0.001359"
"P9707","2019-11","0.088644"
"P9709","2019-11","0.003215"
"P9710","2019-11","0.004673"
"P9711","2019-11",""
"P9712","2019-11","0.001359"
"P9713","2019-11","0.003354"
"P9714","2019-11","0.003215"
"P9715","2019-11","0.004673"
"P9705","2019-12","-0.008960"
"P9706","2019-12","-0.009455"
"P9707","2019-12","-0.048097"
"P9709","2019-12","-0.014384"
"P9710","2019-12","-0.015227"
"P9711","2019-12",""
"P9712","2019-12","-0.009455"
"P9713","2019-12","-0.010905"
"P9714","2019-12","-0.014384"
"P9715","2019-12","-0.015227"
"P9705","2020-01","0.009944"
"P9706","2020-01","-0.014716"
"P9707","2020-01","-0.032181"
"P9709","2020-01","-0.021366"
"P9710","2020-01","-0.021229"
"P9711","2020-01",""
"P9712","2020-01","-0.014716"
"P9713","2020-01","-0.014627"
"P9714","2020-01","-0.021366"
"P9715","2020-01","-0.021229"
"P9705","2020-02","-0.019490"
"P9706","2020-02","-0.013506"
"P9707","2020-02","0.021020"
"P9709","2020-02","-0.023567"
"P9710","2020-02","-0.022348"
"P9711","2020-02",""
"P9712","2020-02","-0.013506"
"P9713","2020-02","-0.012265"
"P9714","2020-02","-0.023567"
"P9715","2020-02","-0.022348"
"P9705","2020-03","0.016611"
"P9706","2020-03","0.001735"
"P9707","2020-03","-0.021366"
"P9709","2020-03","0.010715"
"P9710","2020-03","0.008602"
"P9711","2020-03",""
"P9712","2020-03","0.001735"
"P9713","2020-03","-0.000400"
"P9714","2020-03","0.010715"
"P9715","2020-03","0.008602"
"P9705","2020-04","-0.006546"
"P9706","2020-04","-0.027738"
"P9707","2020-04","0.025569"
"P9709","2020-04","-0.030742"
"P9710","2020-04","-0.031162"
"P9711","2020-04",""
"P9712","2020-04","-0.027738"
"P9713","2020-04","-0.027685"
"P9714","2020-04","-0.030742"
"P9715","2020-04","-0.031162"
"P9705","2020-05","-0.005118"
"P9706","2020-05","-0.019921"
"P9707","2020-05","-0.034023"
"P9709","2020-05","-0.018989"
"P9710","2020-05","-0.019326"
"P9711","2020-05",""
"P9712","2020-05","-0.019921"
"P9713","2020-05","-0.019643"
"P9714","2020-05","-0.018989"
"P9715","2020-05","-0.019326"
"P9705","2020-06","-0.021302"
"P9706","2020-06","-0.040712"
"P9707","2020-06","-0.004513"
"P9709","2020-06","-0.050180"
"P9710","2020-06","-0.048855"
"P9711","2020-06",""
"P9712","2020-06","-0.040712"
"P9713","2020-06","-0.038698"
"P9714","2020-06","-0.050180"
"P9715","2020-06","-0.048855"
"P9705","2020-07","0.027130"
"P9706","2020-07","-0.031668"
"P9707","2020-07","-0.013706"
"P9709","2020-07","-0.034727"
"P9710","2020-07","-0.036434"
"P9711","2020-07","0.012671"
"P9712","2020-07","-0.031668"
"P9713","2020-07","-0.033554"
"P9714","2020-07","-0.035172"
"P9715","2020-07","-0.037411"
"P9705","2020-08","0.017571"
"P9706","2020-08","-0.010341"
"P9707","2020-08","-0.064340"
"P9709","2020-08","-0.011956"
"P9710","2020-08","-0.013417"
"P9711","2020-08","0.042829"
"P9712","2020-08","-0.010341"
"P9713","2020-08","-0.011803"
"P9714","2020-08","-0.013775"
"P9715","2020-08","-0.015066"
"P9705","2020-09","0.011097"
"P9706","2020-09","0.018572"
"P9707","2020-09","0.038673"
"P9709","2020-09","0.012539"
"P9710","2020-09","0.013414"
"P9711","2020-09","-0.012625"
"P9712","2020-09","0.018572"
"P9713","2020-09","0.018960"
"P9714","2020-09","0.013914"
"P9715","2020-09","0.014758"
"P9705","2020-10","-0.002759"
"P9706","2020-10","0.001641"
"P9707","2020-10","-0.021014"
"P9709","2020-10","-0.007721"
"P9710","2020-10","-0.011023"
"P9711","2020-10","-0.001614"
"P9712","2020-10","0.001641"
"P9713","2020-10","-0.000832"
"P9714","2020-10","-0.008450"
"P9715","2020-10","-0.011708"
"P9705","2020-11","-0.002721"
"P9706","2020-11","0.039248"
"P9707","2020-11","0.009492"
"P9709","2020-11","0.046160"
"P9710","2020-11","0.045994"
"P9711","2020-11","-0.025021"
"P9712","2020-11","0.039248"
"P9713","2020-11","0.038553"
"P9714","2020-11","0.044091"
"P9715","2020-11","0.044151"
"P9705","2020-12","-0.046003"
"P9706","2020-12","-0.055462"
"P9707","2020-12","-0.029487"
"P9709","2020-12","-0.051595"
"P9710","2020-12","-0.050312"
"P9711","2020-12","0.065578"
"P9712","2020-12","-0.055462"
"P9713","2020-12","-0.054889"
"P9714","2020-12","-0.050896"
"P9715","2020-12","-0.049457"
