"Markettype","Trdwnt","Cwretmdos"
"5","2017-01","0.017971"
"10","2017-01","0.004658"
"15","2017-01","0.017900"
"21","2017-01","0.017036"
"31","2017-01","0.016975"
"37","2017-01","0.017971"
"47","2017-01","0.017900"
"53","2017-01","0.017036"
"63","2017-01","0.016975"
"5","2017-02","-0.016516"
"10","2017-02","-0.015983"
"15","2017-02","-0.016514"
"21","2017-02","-0.018476"
"31","2017-02","-0.018464"
"37","2017-02","-0.016516"
"47","2017-02","-0.016514"
"53","2017-02","-0.018476"
"63","2017-02","-0.018464"
"5","2017-03","-0.000548"
"10","2017-03","-0.010969"
"15","2017-03","-0.000603"
"21","2017-03","-0.002070"
"31","2017-03","-0.002113"
"37","2017-03","-0.000548"
"47","2017-03","-0.000603"
"53","2017-03","-0.002070"
"63","2017-03","-0.002113"
"5","2017-04","0.013777"
"10","2017-04","0.011550"
"15","2017-04","0.013765"
"21","2017-04","0.013826"
"31","2017-04","0.013815"
"37","2017-04","0.013777"
"47","2017-04","0.013765"
"53","2017-04","0.013826"
"63","2017-04","0.013815"
"5","2017-05","-0.005529"
"10","2017-05","-0.009991"
"15","2017-05","-0.005552"
"21","2017-05","-0.005523"
"31","2017-05","-0.005544"
"37","2017-05","-0.005529"
"47","2017-05","-0.005552"
"53","2017-05","-0.005523"
"63","2017-05","-0.005544"
"10","2017-06","0.014894"
"5","2017-06","0.019616"
"15","2017-06","0.019593"
"21","2017-06","0.019850"
"31","2017-06","0.019827"
"37","2017-06","0.019616"
"47","2017-06","0.019593"
"53","2017-06","0.019850"
"63","2017-06","0.019827"
"10","2017-07","0.008493"
"5","2017-07","0.000123"
"15","2017-07","0.000165"
"21","2017-07","-0.000642"
"31","2017-07","-0.000599"
"37","2017-07","0.000123"
"47","2017-07","0.000165"
"53","2017-07","-0.000642"
"63","2017-07","-0.000599"
"10","2017-08","0.017548"
"5","2017-08","0.017543"
"15","2017-08","0.017543"
"21","2017-08","0.018814"
"31","2017-08","0.018808"
"37","2017-08","0.017543"
"47","2017-08","0.017543"
"53","2017-08","0.018814"
"63","2017-08","0.018808"
"10","2017-09","-0.000907"
"5","2017-09","-0.010640"
"15","2017-09","-0.010592"
"21","2017-09","-0.009809"
"31","2017-09","-0.009768"
"37","2017-09","-0.010640"
"47","2017-09","-0.010592"
"53","2017-09","-0.009809"
"63","2017-09","-0.009768"
"10","2017-10","-0.007009"
"5","2017-10","-0.001077"
"15","2017-10","-0.001107"
"21","2017-10","-0.000033"
"31","2017-10","-0.000066"
"37","2017-10","-0.001077"
"47","2017-10","-0.001107"
"53","2017-10","-0.000033"
"63","2017-10","-0.000066"
"10","2017-11","0.010204"
"5","2017-11","0.006117"
"15","2017-11","0.006138"
"21","2017-11","0.006424"
"31","2017-11","0.006442"
"37","2017-11","0.006117"
"47","2017-11","0.006138"
"53","2017-11","0.006424"
"63","2017-11","0.006442"
"10","2017-12","-0.008335"
"5","2017-12","0.010287"
"15","2017-12","0.010193"
"21","2017-12","0.010015"
"31","2017-12","0.009929"
"37","2017-12","0.010287"
"47","2017-12","0.010193"
"53","2017-12","0.010015"
"63","2017-12","0.009929"
"10","2017-13","-0.015590"
"5","2017-13","-0.013464"
"15","2017-13","-0.013475"
"21","2017-13","-0.015628"
"31","2017-13","-0.015628"
"37","2017-13","-0.013464"
"47","2017-13","-0.013475"
"53","2017-13","-0.015628"
"63","2017-13","-0.015628"
"10","2017-14","0.019541"
"5","2017-14","0.021762"
"15","2017-14","0.021751"
"21","2017-14","0.022019"
"31","2017-14","0.022008"
"37","2017-14","0.021762"
"47","2017-14","0.021751"
"53","2017-14","0.022019"
"63","2017-14","0.022008"
"10","2017-15","-0.009102"
"5","2017-15","-0.010481"
"15","2017-15","-0.010475"
"21","2017-15","-0.012401"
"31","2017-15","-0.012386"
"37","2017-15","-0.010481"
"47","2017-15","-0.010475"
"53","2017-15","-0.012401"
"63","2017-15","-0.012386"
"10","2017-16","-0.010330"
"5","2017-16","-0.023732"
"15","2017-16","-0.023666"
"21","2017-16","-0.025267"
"31","2017-16","-0.025198"
"37","2017-16","-0.023732"
"47","2017-16","-0.023666"
"53","2017-16","-0.025267"
"63","2017-16","-0.025198"
"10","2017-17","-0.012672"
"5","2017-17","-0.008703"
"15","2017-17","-0.008723"
"21","2017-17","-0.007571"
"31","2017-17","-0.007595"
"37","2017-17","-0.008703"
"47","2017-17","-0.008723"
"53","2017-17","-0.007571"
"63","2017-17","-0.007595"
"10","2017-18","-0.016419"
"5","2017-18","-0.017985"
"15","2017-18","-0.017977"
"21","2017-18","-0.017836"
"31","2017-18","-0.017830"
"37","2017-18","-0.017985"
"47","2017-18","-0.017977"
"53","2017-18","-0.017836"
"63","2017-18","-0.017830"
"10","2017-19","-0.018062"
"5","2017-19","-0.012209"
"15","2017-19","-0.012239"
"21","2017-19","-0.013452"
"31","2017-19","-0.013474"
"37","2017-19","-0.012209"
"47","2017-19","-0.012239"
"53","2017-19","-0.013452"
"63","2017-19","-0.013474"
"10","2017-20","0.010662"
"5","2017-20","0.008466"
"15","2017-20","0.008477"
"21","2017-20","0.009726"
"31","2017-20","0.009730"
"37","2017-20","0.008466"
"47","2017-20","0.008477"
"53","2017-20","0.009726"
"63","2017-20","0.009730"
"10","2017-21","-0.012124"
"5","2017-21","0.004428"
"15","2017-21","0.004345"
"21","2017-21","0.001417"
"31","2017-21","0.001354"
"37","2017-21","0.004428"
"47","2017-21","0.004345"
"53","2017-21","0.001417"
"63","2017-21","0.001354"
"10","2017-22","-0.008097"
"5","2017-22","-0.002949"
"15","2017-22","-0.002975"
"21","2017-22","-0.004194"
"31","2017-22","-0.004212"
"37","2017-22","-0.002949"
"47","2017-22","-0.002975"
"53","2017-22","-0.004194"
"63","2017-22","-0.004212"
"10","2017-23","0.038111"
"5","2017-23","0.025390"
"15","2017-23","0.025453"
"21","2017-23","0.026255"
"31","2017-23","0.026309"
"37","2017-23","0.025390"
"47","2017-23","0.025453"
"53","2017-23","0.026255"
"63","2017-23","0.026309"
"10","2017-24","0.023274"
"5","2017-24","-0.005684"
"15","2017-24","-0.005545"
"21","2017-24","-0.004530"
"31","2017-24","-0.004405"
"37","2017-24","-0.005684"
"47","2017-24","-0.005545"
"53","2017-24","-0.004530"
"63","2017-24","-0.004405"
"10","2017-25","0.006129"
"5","2017-25","0.014478"
"15","2017-25","0.014437"
"21","2017-25","0.012812"
"31","2017-25","0.012782"
"37","2017-25","0.014478"
"47","2017-25","0.014437"
"53","2017-25","0.012812"
"63","2017-25","0.012782"
"10","2017-26","0.018247"
"5","2017-26","0.014182"
"15","2017-26","0.014202"
"21","2017-26","0.013783"
"31","2017-26","0.013803"
"37","2017-26","0.014182"
"47","2017-26","0.014202"
"53","2017-26","0.013783"
"63","2017-26","0.013803"
"10","2017-27","0.017829"
"5","2017-27","0.008116"
"15","2017-27","0.008163"
"21","2017-27","0.008888"
"31","2017-27","0.008928"
"37","2017-27","0.008116"
"47","2017-27","0.008163"
"53","2017-27","0.008888"
"63","2017-27","0.008928"
"10","2017-28","0.006037"
"5","2017-28","0.007658"
"15","2017-28","0.007650"
"21","2017-28","0.003663"
"31","2017-28","0.003674"
"37","2017-28","0.007658"
"47","2017-28","0.007650"
"53","2017-28","0.003663"
"63","2017-28","0.003674"
"10","2017-29","0.010717"
"5","2017-29","0.005731"
"15","2017-29","0.005755"
"21","2017-29","0.002053"
"31","2017-29","0.002092"
"37","2017-29","0.005731"
"47","2017-29","0.005755"
"53","2017-29","0.002053"
"63","2017-29","0.002092"
"10","2017-30","0.011538"
"5","2017-30","0.006055"
"15","2017-30","0.006081"
"21","2017-30","0.007877"
"31","2017-30","0.007894"
"37","2017-30","0.006055"
"47","2017-30","0.006081"
"53","2017-30","0.007877"
"63","2017-30","0.007894"
"10","2017-31","-0.000753"
"5","2017-31","0.001477"
"15","2017-31","0.001467"
"21","2017-31","0.000826"
"31","2017-31","0.000819"
"37","2017-31","0.001477"
"47","2017-31","0.001467"
"53","2017-31","0.000826"
"63","2017-31","0.000819"
"10","2017-32","-0.009285"
"5","2017-32","-0.015983"
"15","2017-32","-0.015952"
"21","2017-32","-0.014570"
"31","2017-32","-0.014547"
"37","2017-32","-0.015983"
"47","2017-32","-0.015952"
"53","2017-32","-0.014570"
"63","2017-32","-0.014547"
"10","2017-33","0.014287"
"5","2017-33","0.021875"
"15","2017-33","0.021839"
"21","2017-33","0.023566"
"31","2017-33","0.023525"
"37","2017-33","0.021875"
"47","2017-33","0.021839"
"53","2017-33","0.023566"
"63","2017-33","0.023525"
"10","2017-34","-0.003513"
"5","2017-34","0.016432"
"15","2017-34","0.016337"
"21","2017-34","0.015339"
"31","2017-34","0.015256"
"37","2017-34","0.016432"
"47","2017-34","0.016337"
"53","2017-34","0.015339"
"63","2017-34","0.015256"
"10","2017-35","0.008546"
"5","2017-35","0.011216"
"15","2017-35","0.011204"
"21","2017-35","0.012702"
"31","2017-35","0.012684"
"37","2017-35","0.011216"
"47","2017-35","0.011204"
"53","2017-35","0.012702"
"63","2017-35","0.012684"
"10","2017-36","0.021657"
"5","2017-36","0.002570"
"15","2017-36","0.002656"
"21","2017-36","0.003647"
"31","2017-36","0.003723"
"37","2017-36","0.002570"
"47","2017-36","0.002656"
"53","2017-36","0.003647"
"63","2017-36","0.003723"
"10","2017-37","0.006803"
"5","2017-37","0.000668"
"15","2017-37","0.000695"
"21","2017-37","0.000541"
"31","2017-37","0.000567"
"37","2017-37","0.000668"
"47","2017-37","0.000695"
"53","2017-37","0.000541"
"63","2017-37","0.000567"
"10","2017-38","0.005526"
"5","2017-38","0.000198"
"15","2017-38","0.000222"
"21","2017-38","0.000310"
"31","2017-38","0.000332"
"37","2017-38","0.000198"
"47","2017-38","0.000222"
"53","2017-38","0.000310"
"63","2017-38","0.000332"
"10","2017-39","0.010070"
"5","2017-39","0.000442"
"15","2017-39","0.000486"
"21","2017-39","0.000422"
"31","2017-39","0.000464"
"37","2017-39","0.000442"
"47","2017-39","0.000486"
"53","2017-39","0.000422"
"63","2017-39","0.000464"
"10","2017-41","0.003798"
"5","2017-41","0.016378"
"15","2017-41","0.016319"
"21","2017-41","0.017175"
"31","2017-41","0.017116"
"37","2017-41","0.016378"
"47","2017-41","0.016319"
"53","2017-41","0.017175"
"63","2017-41","0.017116"
"10","2017-42","-0.013827"
"5","2017-42","-0.005710"
"15","2017-42","-0.005747"
"21","2017-42","-0.007626"
"31","2017-42","-0.007652"
"37","2017-42","-0.005710"
"47","2017-42","-0.005747"
"53","2017-42","-0.007626"
"63","2017-42","-0.007652"
"10","2017-43","0.005779"
"5","2017-43","0.013102"
"15","2017-43","0.013069"
"21","2017-43","0.012704"
"31","2017-43","0.012674"
"37","2017-43","0.013102"
"47","2017-43","0.013069"
"53","2017-43","0.012704"
"63","2017-43","0.012674"
"10","2017-44","-0.016413"
"5","2017-44","-0.015782"
"15","2017-44","-0.015785"
"21","2017-44","-0.017119"
"31","2017-44","-0.017116"
"37","2017-44","-0.015782"
"47","2017-44","-0.015785"
"53","2017-44","-0.017119"
"63","2017-44","-0.017116"
"10","2017-45","0.024501"
"5","2017-45","0.022384"
"15","2017-45","0.022394"
"21","2017-45","0.023284"
"31","2017-45","0.023289"
"37","2017-45","0.022384"
"47","2017-45","0.022394"
"53","2017-45","0.023284"
"63","2017-45","0.023289"
"10","2017-46","-0.036936"
"5","2017-46","-0.016231"
"15","2017-46","-0.016324"
"21","2017-46","-0.019041"
"31","2017-46","-0.019115"
"37","2017-46","-0.016231"
"47","2017-46","-0.016324"
"53","2017-46","-0.019041"
"63","2017-46","-0.019115"
"10","2017-47","-0.010000"
"5","2017-47","-0.007069"
"15","2017-47","-0.007082"
"21","2017-47","-0.008371"
"31","2017-47","-0.008378"
"37","2017-47","-0.007069"
"47","2017-47","-0.007082"
"53","2017-47","-0.008371"
"63","2017-47","-0.008378"
"10","2017-48","-0.008293"
"5","2017-48","-0.011342"
"15","2017-48","-0.011329"
"21","2017-48","-0.009929"
"31","2017-48","-0.009922"
"37","2017-48","-0.011342"
"47","2017-48","-0.011329"
"53","2017-48","-0.009929"
"63","2017-48","-0.009922"
"10","2017-49","-0.012996"
"5","2017-49","-0.007558"
"15","2017-49","-0.007581"
"21","2017-49","-0.008006"
"31","2017-49","-0.008026"
"37","2017-49","-0.007558"
"47","2017-49","-0.007581"
"53","2017-49","-0.008006"
"63","2017-49","-0.008026"
"10","2017-50","0.005720"
"5","2017-50","-0.003316"
"15","2017-50","-0.003278"
"21","2017-50","-0.002861"
"31","2017-50","-0.002827"
"37","2017-50","-0.003316"
"47","2017-50","-0.003278"
"53","2017-50","-0.002861"
"63","2017-50","-0.002827"
"10","2017-51","0.004432"
"5","2017-51","0.010330"
"15","2017-51","0.010305"
"21","2017-51","0.008927"
"31","2017-51","0.008909"
"37","2017-51","0.010330"
"47","2017-51","0.010305"
"53","2017-51","0.008927"
"63","2017-51","0.008909"
"10","2017-52","0.011310"
"5","2017-52","0.001500"
"15","2017-52","0.001541"
"21","2017-52","0.000926"
"31","2017-52","0.000967"
"37","2017-52","0.001500"
"47","2017-52","0.001541"
"53","2017-52","0.000926"
"63","2017-52","0.000967"
"10","2018-01","0.019462"
"5","2018-01","0.027623"
"15","2018-01","0.027589"
"21","2018-01","0.027144"
"31","2018-01","0.027114"
"37","2018-01","0.027623"
"47","2018-01","0.027589"
"53","2018-01","0.027144"
"63","2018-01","0.027114"
"10","2018-02","0.002180"
"5","2018-02","0.012477"
"15","2018-02","0.012434"
"21","2018-02","0.011127"
"31","2018-02","0.011092"
"37","2018-02","0.012477"
"47","2018-02","0.012434"
"53","2018-02","0.011127"
"63","2018-02","0.011092"
"10","2018-03","0.005140"
"5","2018-03","0.009630"
"15","2018-03","0.009612"
"21","2018-03","0.007297"
"31","2018-03","0.007289"
"37","2018-03","0.009630"
"47","2018-03","0.009612"
"53","2018-03","0.007297"
"63","2018-03","0.007289"
"10","2018-04","0.006598"
"5","2018-04","0.020406"
"15","2018-04","0.020351"
"21","2018-04","0.021006"
"31","2018-04","0.020952"
"37","2018-04","0.020406"
"47","2018-04","0.020351"
"53","2018-04","0.021006"
"63","2018-04","0.020952"
"10","2018-05","-0.028112"
"5","2018-05","-0.034723"
"15","2018-05","-0.034697"
"21","2018-05","-0.038137"
"31","2018-05","-0.038101"
"37","2018-05","-0.034723"
"47","2018-05","-0.034697"
"53","2018-05","-0.038137"
"63","2018-05","-0.038101"
"10","2018-06","-0.070168"
"5","2018-06","-0.097719"
"15","2018-06","-0.097612"
"21","2018-06","-0.096165"
"31","2018-06","-0.096070"
"37","2018-06","-0.097719"
"47","2018-06","-0.097612"
"53","2018-06","-0.096165"
"63","2018-06","-0.096070"
"10","2018-07","0.033108"
"5","2018-07","0.029046"
"15","2018-07","0.029063"
"21","2018-07","0.029078"
"31","2018-07","0.029093"
"37","2018-07","0.029046"
"47","2018-07","0.029063"
"53","2018-07","0.029078"
"63","2018-07","0.029093"
"10","2018-08","0.012409"
"5","2018-08","0.028008"
"15","2018-08","0.027945"
"21","2018-08","0.027354"
"31","2018-08","0.027297"
"37","2018-08","0.028008"
"47","2018-08","0.027945"
"53","2018-08","0.027354"
"63","2018-08","0.027297"
"10","2018-09","-0.000468"
"5","2018-09","-0.005071"
"15","2018-09","-0.005052"
"21","2018-09","-0.000851"
"31","2018-09","-0.000850"
"37","2018-09","-0.005071"
"47","2018-09","-0.005052"
"53","2018-09","-0.000851"
"63","2018-09","-0.000850"
"10","2018-10","0.008622"
"5","2018-10","0.019384"
"15","2018-10","0.019340"
"21","2018-10","0.021635"
"31","2018-10","0.021586"
"37","2018-10","0.019384"
"47","2018-10","0.019340"
"53","2018-10","0.021635"
"63","2018-10","0.021586"
"10","2018-11","0.002459"
"5","2018-11","-0.010294"
"15","2018-11","-0.010243"
"21","2018-11","-0.010620"
"31","2018-11","-0.010571"
"37","2018-11","-0.010294"
"47","2018-11","-0.010243"
"53","2018-11","-0.010620"
"63","2018-11","-0.010571"
"10","2018-12","-0.037410"
"5","2018-12","-0.040880"
"15","2018-12","-0.040866"
"21","2018-12","-0.041858"
"31","2018-12","-0.041841"
"37","2018-12","-0.040880"
"47","2018-12","-0.040866"
"53","2018-12","-0.041858"
"63","2018-12","-0.041841"
"10","2018-13","0.019426"
"5","2018-13","0.010324"
"15","2018-13","0.010361"
"21","2018-13","0.016726"
"31","2018-13","0.016736"
"37","2018-13","0.010324"
"47","2018-13","0.010361"
"53","2018-13","0.016726"
"63","2018-13","0.016736"
"10","2018-14","-0.005367"
"5","2018-14","-0.012212"
"15","2018-14","-0.012185"
"21","2018-14","-0.012970"
"31","2018-14","-0.012941"
"37","2018-14","-0.012212"
"47","2018-14","-0.012185"
"53","2018-14","-0.012970"
"63","2018-14","-0.012941"
"10","2018-15","-0.001043"
"5","2018-15","0.005913"
"15","2018-15","0.005885"
"21","2018-15","0.005513"
"31","2018-15","0.005488"
"37","2018-15","0.005913"
"47","2018-15","0.005885"
"53","2018-15","0.005513"
"63","2018-15","0.005488"
"10","2018-16","-0.034719"
"5","2018-16","-0.027982"
"15","2018-16","-0.028009"
"21","2018-16","-0.028000"
"31","2018-16","-0.028025"
"37","2018-16","-0.027982"
"47","2018-16","-0.028009"
"53","2018-16","-0.028000"
"63","2018-16","-0.028025"
"10","2018-17","-0.004328"
"5","2018-17","0.001086"
"15","2018-17","0.001064"
"21","2018-17","0.001953"
"31","2018-17","0.001929"
"37","2018-17","0.001086"
"47","2018-17","0.001064"
"53","2018-17","0.001953"
"63","2018-17","0.001929"
"10","2018-18","-0.006659"
"5","2018-18","0.005087"
"15","2018-18","0.005040"
"21","2018-18","0.004869"
"31","2018-18","0.004827"
"37","2018-18","0.005087"
"47","2018-18","0.005040"
"53","2018-18","0.004869"
"63","2018-18","0.004827"
"10","2018-19","0.023492"
"5","2018-19","0.024653"
"15","2018-19","0.024649"
"21","2018-19","0.024000"
"31","2018-19","0.023998"
"37","2018-19","0.024653"
"47","2018-19","0.024649"
"53","2018-19","0.024000"
"63","2018-19","0.023998"
"10","2018-20","-0.001096"
"5","2018-20","0.007794"
"15","2018-20","0.007759"
"21","2018-20","0.007092"
"31","2018-20","0.007062"
"37","2018-20","0.007794"
"47","2018-20","0.007759"
"53","2018-20","0.007092"
"63","2018-20","0.007062"
"10","2018-21","-0.008000"
"5","2018-21","-0.018444"
"15","2018-21","-0.018404"
"21","2018-21","-0.017651"
"31","2018-21","-0.017617"
"37","2018-21","-0.018444"
"47","2018-21","-0.018404"
"53","2018-21","-0.017651"
"63","2018-21","-0.017617"
"10","2018-22","-0.023656"
"5","2018-22","-0.021159"
"15","2018-22","-0.021169"
"21","2018-22","-0.023979"
"31","2018-22","-0.023978"
"37","2018-22","-0.021159"
"47","2018-22","-0.021169"
"53","2018-22","-0.023979"
"63","2018-22","-0.023978"
"10","2018-23","0.018127"
"5","2018-23","0.000605"
"15","2018-23","0.000673"
"21","2018-23","0.000693"
"31","2018-23","0.000756"
"37","2018-23","0.000605"
"47","2018-23","0.000673"
"53","2018-23","0.000693"
"63","2018-23","0.000756"
"10","2018-24","-0.001373"
"5","2018-24","-0.014778"
"15","2018-24","-0.014725"
"21","2018-24","-0.017370"
"31","2018-24","-0.017311"
"37","2018-24","-0.014778"
"47","2018-24","-0.014725"
"53","2018-24","-0.017370"
"63","2018-24","-0.017311"
"10","2018-25","-0.038939"
"5","2018-25","-0.045199"
"15","2018-25","-0.045174"
"21","2018-25","-0.046412"
"31","2018-25","-0.046384"
"37","2018-25","-0.045199"
"47","2018-25","-0.045174"
"53","2018-25","-0.046412"
"63","2018-25","-0.046384"
"10","2018-26","0.007530"
"5","2018-26","-0.014133"
"15","2018-26","-0.014047"
"21","2018-26","-0.010394"
"31","2018-26","-0.010328"
"37","2018-26","-0.014133"
"47","2018-26","-0.014047"
"53","2018-26","-0.010394"
"63","2018-26","-0.010328"
"10","2018-27","-0.015803"
"5","2018-27","-0.038905"
"15","2018-27","-0.038810"
"21","2018-27","-0.038896"
"31","2018-27","-0.038808"
"37","2018-27","-0.038905"
"47","2018-27","-0.038810"
"53","2018-27","-0.038896"
"63","2018-27","-0.038808"
"10","2018-28","0.026246"
"5","2018-28","0.039435"
"15","2018-28","0.039379"
"21","2018-28","0.040229"
"31","2018-28","0.040175"
"37","2018-28","0.039435"
"47","2018-28","0.039379"
"53","2018-28","0.040229"
"63","2018-28","0.040175"
"10","2018-29","0.039017"
"5","2018-29","0.000663"
"15","2018-29","0.000824"
"21","2018-29","0.000091"
"31","2018-29","0.000242"
"37","2018-29","0.000663"
"47","2018-29","0.000824"
"53","2018-29","0.000091"
"63","2018-29","0.000242"
"10","2018-30","0.022574"
"5","2018-30","0.016869"
"15","2018-30","0.016893"
"21","2018-30","0.015123"
"31","2018-30","0.015152"
"37","2018-30","0.016869"
"47","2018-30","0.016893"
"53","2018-30","0.015123"
"63","2018-30","0.015152"
"10","2018-31","-0.037034"
"5","2018-31","-0.052644"
"15","2018-31","-0.052578"
"21","2018-31","-0.054526"
"31","2018-31","-0.054458"
"37","2018-31","-0.052644"
"47","2018-31","-0.052578"
"53","2018-31","-0.054526"
"63","2018-31","-0.054458"
"10","2018-32","0.013677"
"5","2018-32","0.023123"
"15","2018-32","0.023083"
"21","2018-32","0.023024"
"31","2018-32","0.022987"
"37","2018-32","0.023123"
"47","2018-32","0.023083"
"53","2018-32","0.023024"
"63","2018-32","0.022987"
"10","2018-33","-0.025253"
"5","2018-33","-0.046822"
"15","2018-33","-0.046731"
"21","2018-33","-0.046975"
"31","2018-33","-0.046890"
"37","2018-33","-0.046822"
"47","2018-33","-0.046731"
"53","2018-33","-0.046975"
"63","2018-33","-0.046890"
"10","2018-34","0.010622"
"5","2018-34","0.021538"
"15","2018-34","0.021491"
"21","2018-34","0.020885"
"31","2018-34","0.020844"
"37","2018-34","0.021538"
"47","2018-34","0.021491"
"53","2018-34","0.020885"
"63","2018-34","0.020844"
"10","2018-35","-0.000956"
"5","2018-35","-0.001106"
"15","2018-35","-0.001105"
"21","2018-35","-0.001814"
"31","2018-35","-0.001810"
"37","2018-35","-0.001106"
"47","2018-35","-0.001105"
"53","2018-35","-0.001814"
"63","2018-35","-0.001810"
"10","2018-36","-0.009978"
"5","2018-36","-0.011647"
"15","2018-36","-0.011640"
"21","2018-36","-0.010962"
"31","2018-36","-0.010958"
"37","2018-36","-0.011647"
"47","2018-36","-0.011640"
"53","2018-36","-0.010962"
"63","2018-36","-0.010958"
"10","2018-37","-0.018866"
"5","2018-37","-0.009556"
"15","2018-37","-0.009594"
"21","2018-37","-0.011143"
"31","2018-37","-0.011172"
"37","2018-37","-0.009556"
"47","2018-37","-0.009594"
"53","2018-37","-0.011143"
"63","2018-37","-0.011172"
"10","2018-38","0.024524"
"5","2018-38","0.044137"
"15","2018-38","0.044058"
"21","2018-38","0.042834"
"31","2018-38","0.042765"
"37","2018-38","0.044137"
"47","2018-38","0.044058"
"53","2018-38","0.042834"
"63","2018-38","0.042765"
"10","2018-39","0.002789"
"5","2018-39","0.006786"
"15","2018-39","0.006770"
"21","2018-39","0.005990"
"31","2018-39","0.005978"
"37","2018-39","0.006786"
"47","2018-39","0.006770"
"53","2018-39","0.005990"
"63","2018-39","0.005978"
"10","2018-41","-0.067762"
"5","2018-41","-0.081596"
"15","2018-41","-0.081540"
"21","2018-41","-0.083752"
"31","2018-41","-0.083692"
"37","2018-41","-0.081596"
"47","2018-41","-0.081540"
"53","2018-41","-0.083752"
"63","2018-41","-0.083692"
"10","2018-42","-0.049061"
"5","2018-42","-0.023462"
"15","2018-42","-0.023567"
"21","2018-42","-0.023480"
"31","2018-42","-0.023578"
"37","2018-42","-0.023462"
"47","2018-42","-0.023567"
"53","2018-42","-0.023480"
"63","2018-42","-0.023578"
"10","2018-43","0.036315"
"5","2018-43","0.019045"
"15","2018-43","0.019114"
"21","2018-43","0.018823"
"31","2018-43","0.018889"
"37","2018-43","0.019045"
"47","2018-43","0.019114"
"53","2018-43","0.018823"
"63","2018-43","0.018889"
"10","2018-44","0.025279"
"5","2018-44","0.032299"
"15","2018-44","0.032269"
"21","2018-44","0.034335"
"31","2018-44","0.034300"
"37","2018-44","0.032299"
"47","2018-44","0.032269"
"53","2018-44","0.034335"
"63","2018-44","0.034300"
"10","2018-45","-0.020227"
"5","2018-45","-0.026465"
"15","2018-45","-0.026439"
"21","2018-45","-0.025465"
"31","2018-45","-0.025444"
"37","2018-45","-0.026465"
"47","2018-45","-0.026439"
"53","2018-45","-0.025465"
"63","2018-45","-0.025444"
"10","2018-46","0.044079"
"5","2018-46","0.036448"
"15","2018-46","0.036480"
"21","2018-46","0.038994"
"31","2018-46","0.039014"
"37","2018-46","0.036448"
"47","2018-46","0.036480"
"53","2018-46","0.038994"
"63","2018-46","0.039014"
"10","2018-47","-0.038036"
"5","2018-47","-0.038947"
"15","2018-47","-0.038943"
"21","2018-47","-0.040826"
"31","2018-47","-0.040815"
"37","2018-47","-0.038947"
"47","2018-47","-0.038943"
"53","2018-47","-0.040826"
"63","2018-47","-0.040815"
"10","2018-48","-0.003098"
"5","2018-48","0.003589"
"15","2018-48","0.003561"
"21","2018-48","0.003897"
"31","2018-48","0.003870"
"37","2018-48","0.003589"
"47","2018-48","0.003561"
"53","2018-48","0.003897"
"63","2018-48","0.003870"
"10","2018-49","0.003111"
"5","2018-49","0.007062"
"15","2018-49","0.007046"
"21","2018-49","0.007515"
"31","2018-49","0.007498"
"37","2018-49","0.007062"
"47","2018-49","0.007046"
"53","2018-49","0.007515"
"63","2018-49","0.007498"
"10","2018-50","-0.004460"
"5","2018-50","-0.007485"
"15","2018-50","-0.007472"
"21","2018-50","-0.008650"
"31","2018-50","-0.008634"
"37","2018-50","-0.007485"
"47","2018-50","-0.007472"
"53","2018-50","-0.008650"
"63","2018-50","-0.008634"
"10","2018-51","-0.023313"
"5","2018-51","-0.032683"
"15","2018-51","-0.032644"
"21","2018-51","-0.032198"
"31","2018-51","-0.032164"
"37","2018-51","-0.032683"
"47","2018-51","-0.032644"
"53","2018-51","-0.032198"
"63","2018-51","-0.032164"
"10","2018-52","-0.003555"
"5","2018-52","-0.009221"
"15","2018-52","-0.009198"
"21","2018-52","-0.009646"
"31","2018-52","-0.009623"
"37","2018-52","-0.009221"
"47","2018-52","-0.009198"
"53","2018-52","-0.009646"
"63","2018-52","-0.009623"
"10","2019-01","0.006945"
"5","2019-01","0.009070"
"15","2019-01","0.009061"
"37","2019-01","0.009070"
"47","2019-01","0.009061"
"21","2019-01","0.008942"
"31","2019-01","0.008934"
"53","2019-01","0.008942"
"63","2019-01","0.008934"
"10","2019-02","0.018973"
"5","2019-02","0.019237"
"15","2019-02","0.019236"
"21","2019-02","0.019508"
"31","2019-02","0.019506"
"37","2019-02","0.019237"
"47","2019-02","0.019236"
"53","2019-02","0.019508"
"63","2019-02","0.019506"
"10","2019-03","0.002927"
"5","2019-03","0.016169"
"15","2019-03","0.016115"
"21","2019-03","0.014892"
"31","2019-03","0.014847"
"37","2019-03","0.016169"
"47","2019-03","0.016115"
"53","2019-03","0.014892"
"63","2019-03","0.014847"
"10","2019-04","-0.004253"
"5","2019-04","0.001995"
"15","2019-04","0.001970"
"21","2019-04","0.001640"
"31","2019-04","0.001619"
"37","2019-04","0.001995"
"47","2019-04","0.001970"
"53","2019-04","0.001640"
"63","2019-04","0.001619"
"10","2019-05","0.002995"
"5","2019-05","0.005231"
"15","2019-05","0.005222"
"21","2019-05","0.003559"
"31","2019-05","0.003557"
"37","2019-05","0.005231"
"47","2019-05","0.005222"
"53","2019-05","0.003559"
"63","2019-05","0.003557"
"10","2019-07","0.031598"
"5","2019-07","0.031021"
"15","2019-07","0.031023"
"21","2019-07","0.033673"
"31","2019-07","0.033666"
"37","2019-07","0.031021"
"47","2019-07","0.031023"
"53","2019-07","0.033673"
"63","2019-07","0.033666"
"10","2019-08","0.034965"
"5","2019-08","0.049598"
"15","2019-08","0.049540"
"21","2019-08","0.050995"
"31","2019-08","0.050936"
"37","2019-08","0.049598"
"47","2019-08","0.049540"
"53","2019-08","0.050995"
"63","2019-08","0.050936"
"10","2019-09","0.041680"
"5","2019-09","0.062388"
"15","2019-09","0.062308"
"21","2019-09","0.062731"
"31","2019-09","0.062656"
"37","2019-09","0.062388"
"47","2019-09","0.062308"
"53","2019-09","0.062731"
"63","2019-09","0.062656"
"10","2019-10","-0.002839"
"5","2019-10","-0.006840"
"15","2019-10","-0.006825"
"21","2019-10","-0.002633"
"31","2019-10","-0.002633"
"37","2019-10","-0.006840"
"47","2019-10","-0.006825"
"53","2019-10","-0.002633"
"63","2019-10","-0.002633"
"10","2019-11","0.015838"
"5","2019-11","0.023396"
"15","2019-11","0.023367"
"21","2019-11","0.022568"
"31","2019-11","0.022545"
"37","2019-11","0.023396"
"47","2019-11","0.023367"
"53","2019-11","0.022568"
"63","2019-11","0.022545"
"10","2019-12","0.021156"
"5","2019-12","0.031197"
"15","2019-12","0.031159"
"21","2019-12","0.031047"
"31","2019-12","0.031013"
"37","2019-12","0.031197"
"47","2019-12","0.031159"
"53","2019-12","0.031047"
"63","2019-12","0.031013"
"10","2019-13","-0.005386"
"5","2019-13","-0.002960"
"15","2019-13","-0.002969"
"21","2019-13","-0.003290"
"31","2019-13","-0.003297"
"37","2019-13","-0.002960"
"47","2019-13","-0.002969"
"53","2019-13","-0.003290"
"63","2019-13","-0.003297"
"10","2019-14","0.038729"
"5","2019-14","0.052107"
"15","2019-14","0.052057"
"21","2019-14","0.051986"
"31","2019-14","0.051940"
"37","2019-14","0.052107"
"47","2019-14","0.052057"
"53","2019-14","0.051986"
"63","2019-14","0.051940"
"10","2019-15","-0.015003"
"5","2019-15","-0.016543"
"15","2019-15","-0.016537"
"21","2019-15","-0.018019"
"31","2019-15","-0.018009"
"37","2019-15","-0.016543"
"47","2019-15","-0.016537"
"53","2019-15","-0.018019"
"63","2019-15","-0.018009"
"10","2019-16","0.012636"
"5","2019-16","0.026346"
"15","2019-16","0.026296"
"21","2019-16","0.026168"
"31","2019-16","0.026122"
"37","2019-16","0.026346"
"47","2019-16","0.026296"
"53","2019-16","0.026168"
"63","2019-16","0.026122"
"10","2019-17","-0.032348"
"5","2019-17","-0.059622"
"15","2019-17","-0.059525"
"21","2019-17","-0.059188"
"31","2019-17","-0.059099"
"37","2019-17","-0.059622"
"47","2019-17","-0.059525"
"53","2019-17","-0.059188"
"63","2019-17","-0.059099"
"10","2019-18","-0.003899"
"5","2019-18","-0.003447"
"15","2019-18","-0.003448"
"21","2019-18","-0.005224"
"31","2019-18","-0.005219"
"37","2019-18","-0.003447"
"47","2019-18","-0.003448"
"53","2019-18","-0.005224"
"63","2019-18","-0.005219"
"10","2019-19","-0.038779"
"5","2019-19","-0.043996"
"15","2019-19","-0.043976"
"21","2019-19","-0.043905"
"31","2019-19","-0.043888"
"37","2019-19","-0.043996"
"47","2019-19","-0.043976"
"53","2019-19","-0.043905"
"63","2019-19","-0.043888"
"10","2019-20","-0.022550"
"5","2019-20","-0.018305"
"15","2019-20","-0.018320"
"21","2019-20","-0.018958"
"31","2019-20","-0.018970"
"37","2019-20","-0.018305"
"47","2019-20","-0.018320"
"53","2019-20","-0.018958"
"63","2019-20","-0.018970"
"10","2019-21","-0.024175"
"5","2019-21","-0.014046"
"15","2019-21","-0.014082"
"21","2019-21","-0.014550"
"31","2019-21","-0.014582"
"37","2019-21","-0.014046"
"47","2019-21","-0.014082"
"53","2019-21","-0.014550"
"63","2019-21","-0.014582"
"10","2019-22","0.032600"
"5","2019-22","0.015450"
"15","2019-22","0.015509"
"21","2019-22","0.016593"
"31","2019-22","0.016645"
"37","2019-22","0.015450"
"47","2019-22","0.015509"
"53","2019-22","0.016593"
"63","2019-22","0.016645"
"10","2019-23","0.038986"
"5","2019-23","-0.026401"
"15","2019-23","-0.026175"
"21","2019-23","-0.028368"
"31","2019-23","-0.028152"
"37","2019-23","-0.026401"
"47","2019-23","-0.026175"
"53","2019-23","-0.028368"
"63","2019-23","-0.028152"
"10","2019-24","0.028595"
"5","2019-24","0.024132"
"15","2019-24","0.024148"
"21","2019-24","0.024599"
"31","2019-24","0.024612"
"37","2019-24","0.024132"
"47","2019-24","0.024148"
"53","2019-24","0.024599"
"63","2019-24","0.024612"
"10","2019-25","0.039782"
"5","2019-25","0.043211"
"15","2019-25","0.043199"
"21","2019-25","0.044236"
"31","2019-25","0.044222"
"37","2019-25","0.043211"
"47","2019-25","0.043199"
"53","2019-25","0.044236"
"63","2019-25","0.044222"
"10","2019-26","0.004011"
"5","2019-26","-0.004556"
"15","2019-26","-0.004527"
"21","2019-26","-0.005483"
"31","2019-26","-0.005453"
"37","2019-26","-0.004556"
"47","2019-26","-0.004527"
"53","2019-26","-0.005483"
"63","2019-26","-0.005453"
"10","2019-27","0.013312"
"5","2019-27","0.016935"
"15","2019-27","0.016922"
"21","2019-27","0.017811"
"31","2019-27","0.017797"
"37","2019-27","0.017507"
"47","2019-27","0.017493"
"53","2019-27","0.017811"
"63","2019-27","0.017797"
"10","2019-28","-0.015889"
"5","2019-28","-0.022716"
"15","2019-28","-0.022693"
"21","2019-28","-0.023681"
"31","2019-28","-0.023656"
"37","2019-28","-0.023266"
"47","2019-28","-0.023241"
"53","2019-28","-0.023681"
"63","2019-28","-0.023656"
"10","2019-29","0.008233"
"5","2019-29","-0.000759"
"15","2019-29","-0.000728"
"21","2019-29","-0.000173"
"31","2019-29","-0.000146"
"37","2019-29","-0.000759"
"47","2019-29","-0.000728"
"53","2019-29","-0.000173"
"63","2019-29","-0.000146"
"10","2019-30","0.006315"
"5","2019-30","0.007741"
"15","2019-30","0.007736"
"21","2019-30","0.007907"
"31","2019-30","0.007902"
"37","2019-30","0.007741"
"47","2019-30","0.007736"
"53","2019-30","0.007907"
"63","2019-30","0.007902"
"10","2019-31","-0.032319"
"5","2019-31","-0.026053"
"15","2019-31","-0.026074"
"21","2019-31","-0.024877"
"31","2019-31","-0.024901"
"37","2019-31","-0.025562"
"47","2019-31","-0.025585"
"53","2019-31","-0.024425"
"63","2019-31","-0.024449"
"10","2019-32","-0.046821"
"5","2019-32","-0.033452"
"15","2019-32","-0.033497"
"21","2019-32","-0.033953"
"31","2019-32","-0.033993"
"37","2019-32","-0.033621"
"47","2019-32","-0.033665"
"53","2019-32","-0.034108"
"63","2019-32","-0.034147"
"10","2019-33","0.016004"
"5","2019-33","0.019956"
"15","2019-33","0.019943"
"21","2019-33","0.021371"
"31","2019-33","0.021354"
"37","2019-33","0.019905"
"47","2019-33","0.019892"
"53","2019-33","0.021321"
"63","2019-33","0.021304"
"10","2019-34","0.017891"
"5","2019-34","0.028547"
"15","2019-34","0.028511"
"21","2019-34","0.029147"
"31","2019-34","0.029113"
"37","2019-34","0.028153"
"47","2019-34","0.028119"
"53","2019-34","0.028782"
"63","2019-34","0.028749"
"10","2019-35","-0.010655"
"5","2019-35","-0.003429"
"15","2019-35","-0.003453"
"21","2019-35","-0.003393"
"31","2019-35","-0.003415"
"37","2019-35","-0.003437"
"47","2019-35","-0.003461"
"53","2019-35","-0.003401"
"63","2019-35","-0.003422"
"10","2019-36","0.029789"
"5","2019-36","0.039180"
"15","2019-36","0.039149"
"21","2019-36","0.041089"
"31","2019-36","0.041055"
"37","2019-36","0.039158"
"47","2019-36","0.039128"
"53","2019-36","0.041065"
"63","2019-36","0.041032"
"10","2019-37","0.010758"
"5","2019-37","0.009933"
"15","2019-37","0.009935"
"21","2019-37","0.010826"
"31","2019-37","0.010826"
"37","2019-37","0.009865"
"47","2019-37","0.009868"
"53","2019-37","0.010762"
"63","2019-37","0.010762"
"10","2019-38","-0.008917"
"5","2019-38","-0.006576"
"15","2019-38","-0.006583"
"21","2019-38","-0.006267"
"31","2019-38","-0.006274"
"37","2019-38","-0.006591"
"47","2019-38","-0.006598"
"53","2019-38","-0.006281"
"63","2019-38","-0.006289"
"10","2019-39","-0.008827"
"5","2019-39","-0.026985"
"15","2019-39","-0.026927"
"21","2019-39","-0.028171"
"31","2019-39","-0.028115"
"37","2019-39","-0.027047"
"47","2019-39","-0.026989"
"53","2019-39","-0.028227"
"63","2019-39","-0.028170"
"10","2019-40","0.000986"
"5","2019-40","-0.008903"
"15","2019-40","-0.008871"
"21","2019-40","-0.009262"
"31","2019-40","-0.009231"
"37","2019-40","-0.008998"
"47","2019-40","-0.008965"
"53","2019-40","-0.009349"
"63","2019-40","-0.009318"
"10","2019-41","-0.007035"
"5","2019-41","0.023905"
"15","2019-41","0.023803"
"21","2019-41","0.024239"
"31","2019-41","0.024144"
"37","2019-41","0.023811"
"47","2019-41","0.023710"
"53","2019-41","0.024152"
"63","2019-41","0.024058"
"10","2019-42","-0.019232"
"5","2019-42","-0.012002"
"15","2019-42","-0.012025"
"21","2019-42","-0.012020"
"31","2019-42","-0.012041"
"37","2019-42","-0.012027"
"47","2019-42","-0.012050"
"53","2019-42","-0.012043"
"63","2019-42","-0.012064"
"10","2019-43","-0.003507"
"5","2019-43","0.008071"
"15","2019-43","0.008034"
"21","2019-43","0.008290"
"31","2019-43","0.008256"
"37","2019-43","0.008043"
"47","2019-43","0.008006"
"53","2019-43","0.008264"
"63","2019-43","0.008230"
"10","2019-44","-0.004814"
"5","2019-44","0.003969"
"15","2019-44","0.003941"
"21","2019-44","0.003665"
"31","2019-44","0.003640"
"37","2019-44","0.003857"
"47","2019-44","0.003830"
"53","2019-44","0.003563"
"63","2019-44","0.003539"
"10","2019-45","0.008650"
"5","2019-45","0.002781"
"15","2019-45","0.002799"
"21","2019-45","0.003448"
"31","2019-45","0.003463"
"37","2019-45","0.002762"
"47","2019-45","0.002780"
"53","2019-45","0.003429"
"63","2019-45","0.003444"
"10","2019-46","-0.026793"
"5","2019-46","-0.025351"
"15","2019-46","-0.025356"
"21","2019-46","-0.025080"
"31","2019-46","-0.025085"
"37","2019-46","-0.025382"
"47","2019-46","-0.025387"
"53","2019-46","-0.025109"
"63","2019-46","-0.025114"
"10","2019-47","-0.004711"
"5","2019-47","-0.000759"
"15","2019-47","-0.000772"
"21","2019-47","-0.000456"
"31","2019-47","-0.000468"
"37","2019-47","-0.000867"
"47","2019-47","-0.000878"
"53","2019-47","-0.000555"
"63","2019-47","-0.000567"
"10","2019-48","-0.044058"
"5","2019-48","-0.003829"
"15","2019-48","-0.003952"
"21","2019-48","-0.004704"
"31","2019-48","-0.004814"
"37","2019-48","-0.003828"
"47","2019-48","-0.003950"
"53","2019-48","-0.004701"
"63","2019-48","-0.004811"
"10","2019-49","0.020940"
"5","2019-49","0.016782"
"15","2019-49","0.016794"
"21","2019-49","0.018592"
"31","2019-49","0.018598"
"37","2019-49","0.016733"
"47","2019-49","0.016745"
"53","2019-49","0.018543"
"63","2019-49","0.018549"
"10","2019-50","0.007074"
"5","2019-50","0.016301"
"15","2019-50","0.016274"
"21","2019-50","0.016705"
"31","2019-50","0.016679"
"37","2019-50","0.016455"
"47","2019-50","0.016428"
"53","2019-50","0.016845"
"63","2019-50","0.016818"
"10","2019-51","0.033479"
"5","2019-51","0.015377"
"15","2019-51","0.015430"
"21","2019-51","0.015773"
"31","2019-51","0.015820"
"37","2019-51","0.015469"
"47","2019-51","0.015521"
"53","2019-51","0.015856"
"63","2019-51","0.015903"
"10","2019-52","0.006425"
"5","2019-52","0.000929"
"15","2019-52","0.000945"
"21","2019-52","0.000493"
"31","2019-52","0.000509"
"37","2019-52","0.000929"
"47","2019-52","0.000945"
"53","2019-52","0.000494"
"63","2019-52","0.000510"
"10","2019-53","0.012604"
"5","2019-53","0.015788"
"15","2019-53","0.015779"
"21","2019-53","0.015362"
"31","2019-53","0.015354"
"37","2019-53","0.015746"
"47","2019-53","0.015737"
"53","2019-53","0.015324"
"63","2019-53","0.015317"
"10","2020-01","0.015840"
"5","2020-01","0.013729"
"15","2020-01","0.013735"
"21","2020-01","0.014751"
"31","2020-01","0.014753"
"37","2020-01","0.013750"
"47","2020-01","0.013756"
"53","2020-01","0.014767"
"63","2020-01","0.014770"
"10","2020-02","0.010876"
"5","2020-02","0.006729"
"15","2020-02","0.006741"
"21","2020-02","0.009128"
"31","2020-02","0.009132"
"37","2020-02","0.006861"
"47","2020-02","0.006873"
"53","2020-02","0.009243"
"63","2020-02","0.009247"
"10","2020-03","-0.003260"
"5","2020-03","-0.004312"
"15","2020-03","-0.004309"
"21","2020-03","-0.002970"
"31","2020-03","-0.002971"
"37","2020-03","-0.003850"
"47","2020-03","-0.003848"
"53","2020-03","-0.002551"
"63","2020-03","-0.002553"
"10","2020-04","-0.038266"
"5","2020-04","-0.034409"
"15","2020-04","-0.034420"
"21","2020-04","-0.032403"
"31","2020-04","-0.032419"
"37","2020-04","-0.034372"
"47","2020-04","-0.034383"
"53","2020-04","-0.032376"
"63","2020-04","-0.032391"
"10","2020-06","-0.059948"
"5","2020-06","-0.030744"
"15","2020-06","-0.030828"
"21","2020-06","-0.026136"
"31","2020-06","-0.026225"
"37","2020-06","-0.030255"
"47","2020-06","-0.030340"
"53","2020-06","-0.025706"
"63","2020-06","-0.025796"
"10","2020-07","0.008429"
"5","2020-07","0.018578"
"15","2020-07","0.018549"
"21","2020-07","0.019131"
"31","2020-07","0.019104"
"37","2020-07","0.018529"
"47","2020-07","0.018501"
"53","2020-07","0.019085"
"63","2020-07","0.019058"
"10","2020-08","0.040285"
"5","2020-08","0.047768"
"15","2020-08","0.047747"
"21","2020-08","0.051704"
"31","2020-08","0.051675"
"37","2020-08","0.047525"
"47","2020-08","0.047505"
"53","2020-08","0.051467"
"63","2020-08","0.051439"
"10","2020-09","-0.050596"
"5","2020-09","-0.049504"
"15","2020-09","-0.049507"
"21","2020-09","-0.051588"
"31","2020-09","-0.051585"
"37","2020-09","-0.049820"
"47","2020-09","-0.049822"
"53","2020-09","-0.051864"
"63","2020-09","-0.051861"
"10","2020-10","0.040859"
"5","2020-10","0.056418"
"15","2020-10","0.056375"
"21","2020-10","0.056977"
"31","2020-10","0.056937"
"37","2020-10","0.056347"
"47","2020-10","0.056304"
"53","2020-10","0.056911"
"63","2020-10","0.056871"
"10","2020-11","-0.057594"
"5","2020-11","-0.052923"
"15","2020-11","-0.052936"
"21","2020-11","-0.053554"
"31","2020-11","-0.053563"
"37","2020-11","-0.052999"
"47","2020-11","-0.053011"
"53","2020-11","-0.053620"
"63","2020-11","-0.053629"
"10","2020-12","-0.045819"
"5","2020-12","-0.050487"
"15","2020-12","-0.050475"
"21","2020-12","-0.050321"
"31","2020-12","-0.050310"
"37","2020-12","-0.050448"
"47","2020-12","-0.050435"
"53","2020-12","-0.050286"
"63","2020-12","-0.050275"
"10","2020-13","-0.012480"
"5","2020-13","0.007188"
"15","2020-13","0.007133"
"21","2020-13","0.004814"
"31","2020-13","0.004771"
"37","2020-13","0.006903"
"47","2020-13","0.006850"
"53","2020-13","0.004568"
"63","2020-13","0.004525"
"10","2020-14","-0.009753"
"5","2020-14","-0.002537"
"15","2020-14","-0.002557"
"21","2020-14","-0.002744"
"31","2020-14","-0.002761"
"37","2020-14","-0.002584"
"47","2020-14","-0.002603"
"53","2020-14","-0.002786"
"63","2020-14","-0.002802"
"10","2020-15","0.010882"
"5","2020-15","0.014378"
"15","2020-15","0.014368"
"21","2020-15","0.014895"
"31","2020-15","0.014885"
"37","2020-15","0.014254"
"47","2020-15","0.014245"
"53","2020-15","0.014781"
"63","2020-15","0.014772"
"10","2020-16","-0.005460"
"5","2020-16","0.014258"
"15","2020-16","0.014205"
"21","2020-16","0.015390"
"31","2020-16","0.015340"
"37","2020-16","0.014373"
"47","2020-16","0.014321"
"53","2020-16","0.015490"
"63","2020-16","0.015440"
"10","2020-17","-0.008981"
"5","2020-17","-0.008690"
"15","2020-17","-0.008691"
"21","2020-17","-0.009058"
"31","2020-17","-0.009058"
"37","2020-17","-0.008490"
"47","2020-17","-0.008491"
"53","2020-17","-0.008875"
"63","2020-17","-0.008876"
"10","2020-18","0.011048"
"5","2020-18","0.016631"
"15","2020-18","0.016616"
"21","2020-18","0.016674"
"31","2020-18","0.016661"
"37","2020-18","0.016645"
"47","2020-18","0.016631"
"53","2020-18","0.016687"
"63","2020-18","0.016674"
"10","2020-19","0.006314"
"5","2020-19","0.015737"
"15","2020-19","0.015712"
"21","2020-19","0.017255"
"31","2020-19","0.017229"
"37","2020-19","0.016001"
"47","2020-19","0.015976"
"53","2020-19","0.017487"
"63","2020-19","0.017461"
"10","2020-20","-0.041035"
"5","2020-20","-0.007581"
"15","2020-20","-0.007667"
"21","2020-20","-0.006511"
"31","2020-20","-0.006590"
"37","2020-20","-0.007347"
"47","2020-20","-0.007433"
"53","2020-20","-0.006304"
"63","2020-20","-0.006384"
"10","2020-21","0.037893"
"5","2020-21","-0.020869"
"15","2020-21","-0.020724"
"21","2020-21","-0.022783"
"31","2020-21","-0.022649"
"37","2020-21","-0.020892"
"47","2020-21","-0.020748"
"53","2020-21","-0.022795"
"63","2020-21","-0.022661"
"10","2020-22","0.038630"
"5","2020-22","0.014997"
"15","2020-22","0.015057"
"21","2020-22","0.015501"
"31","2020-22","0.015554"
"37","2020-22","0.015108"
"47","2020-22","0.015168"
"53","2020-22","0.015599"
"63","2020-22","0.015651"
"10","2020-23","0.028329"
"5","2020-23","0.031660"
"15","2020-23","0.031652"
"21","2020-23","0.033166"
"31","2020-23","0.033155"
"37","2020-23","0.031789"
"47","2020-23","0.031780"
"53","2020-23","0.033274"
"63","2020-23","0.033263"
"10","2020-24","0.012731"
"5","2020-24","-0.000226"
"15","2020-24","-0.000193"
"21","2020-24","0.001496"
"31","2020-24","0.001521"
"37","2020-24","-0.000345"
"47","2020-24","-0.000312"
"53","2020-24","0.001379"
"63","2020-24","0.001405"
"10","2020-25","0.024187"
"5","2020-25","0.021692"
"15","2020-25","0.021699"
"21","2020-25","0.023560"
"31","2020-25","0.023561"
"37","2020-25","0.021725"
"47","2020-25","0.021731"
"53","2020-25","0.023579"
"63","2020-25","0.023581"
"10","2020-26","0.004395"
"5","2020-26","0.005353"
"15","2020-26","0.005350"
"21","2020-26","0.006815"
"31","2020-26","0.006810"
"37","2020-26","0.005700"
"47","2020-26","0.005697"
"53","2020-26","0.007118"
"63","2020-26","0.007112"
"10","2020-27","0.041331"
"5","2020-27","0.060209"
"15","2020-27","0.060162"
"21","2020-27","0.057451"
"31","2020-27","0.057415"
"37","2020-27","0.059961"
"47","2020-27","0.059916"
"53","2020-27","0.057246"
"63","2020-27","0.057211"
"10","2020-28","0.118627"
"5","2020-28","0.081701"
"15","2020-28","0.081790"
"21","2020-28","0.086041"
"31","2020-28","0.086111"
"37","2020-28","0.082239"
"47","2020-28","0.082326"
"53","2020-28","0.086497"
"63","2020-28","0.086566"
"10","2020-29","-0.025192"
"5","2020-29","-0.042269"
"15","2020-29","-0.042229"
"21","2020-29","-0.043103"
"31","2020-29","-0.043066"
"37","2020-29","-0.042860"
"47","2020-29","-0.042819"
"53","2020-29","-0.043625"
"63","2020-29","-0.043586"
"10","2020-30","0.002253"
"5","2020-30","-0.004181"
"15","2020-30","-0.004166"
"21","2020-30","-0.004755"
"31","2020-30","-0.004740"
"37","2020-30","-0.004628"
"47","2020-30","-0.004612"
"53","2020-30","-0.005149"
"63","2020-30","-0.005133"
"10","2020-31","0.030928"
"5","2020-31","0.040200"
"15","2020-31","0.040178"
"21","2020-31","0.042651"
"31","2020-31","0.042626"
"37","2020-31","0.040950"
"47","2020-31","0.040926"
"53","2020-31","0.043292"
"63","2020-31","0.043266"
"10","2020-32","0.029895"
"5","2020-32","0.012932"
"15","2020-32","0.012972"
"21","2020-32","0.011358"
"31","2020-32","0.011396"
"37","2020-32","0.012697"
"47","2020-32","0.012736"
"53","2020-32","0.011167"
"63","2020-32","0.011205"
"10","2020-33","-0.004315"
"5","2020-33","0.000723"
"15","2020-33","0.000711"
"21","2020-33","-0.002095"
"31","2020-33","-0.002100"
"37","2020-33","0.000304"
"47","2020-33","0.000293"
"53","2020-33","-0.002436"
"63","2020-33","-0.002439"
"10","2020-34","0.024872"
"5","2020-34","0.006644"
"15","2020-34","0.006686"
"21","2020-34","0.005147"
"31","2020-34","0.005188"
"37","2020-34","0.006011"
"47","2020-34","0.006053"
"53","2020-34","0.004599"
"63","2020-34","0.004640"
"10","2020-35","0.022392"
"5","2020-35","0.011430"
"15","2020-35","0.011455"
"21","2020-35","0.015825"
"31","2020-35","0.015839"
"37","2020-35","0.010817"
"47","2020-35","0.010844"
"53","2020-35","0.015225"
"63","2020-35","0.015240"
"10","2020-36","0.001494"
"5","2020-36","-0.014815"
"15","2020-36","-0.014777"
"21","2020-36","-0.011389"
"31","2020-36","-0.011362"
"37","2020-36","-0.014598"
"47","2020-36","-0.014561"
"53","2020-36","-0.011234"
"63","2020-36","-0.011208"
"10","2020-37","-0.011602"
"5","2020-37","-0.031644"
"15","2020-37","-0.031598"
"21","2020-37","-0.036494"
"31","2020-37","-0.036443"
"37","2020-37","-0.032302"
"47","2020-37","-0.032255"
"53","2020-37","-0.037023"
"63","2020-37","-0.036971"
"10","2020-38","0.013143"
"5","2020-38","0.022096"
"15","2020-38","0.022075"
"21","2020-38","0.023492"
"31","2020-38","0.023470"
"37","2020-38","0.022749"
"47","2020-38","0.022727"
"53","2020-38","0.024059"
"63","2020-38","0.024036"
"10","2020-39","-0.020895"
"5","2020-39","-0.035890"
"15","2020-39","-0.035855"
"21","2020-39","-0.035694"
"31","2020-39","-0.035663"
"37","2020-39","-0.035943"
"47","2020-39","-0.035908"
"53","2020-39","-0.035743"
"63","2020-39","-0.035713"
"10","2020-40","0.003032"
"5","2020-40","-0.000046"
"15","2020-40","-0.000039"
"21","2020-40","0.000547"
"31","2020-40","0.000552"
"37","2020-40","0.000006"
"47","2020-40","0.000013"
"53","2020-40","0.000587"
"63","2020-40","0.000592"
"10","2020-41","0.012414"
"5","2020-41","0.019661"
"15","2020-41","0.019644"
"21","2020-41","0.021972"
"31","2020-41","0.021952"
"37","2020-41","0.019863"
"47","2020-41","0.019845"
"53","2020-41","0.022123"
"63","2020-41","0.022102"
"10","2020-42","0.003946"
"5","2020-42","0.019758"
"15","2020-42","0.019721"
"21","2020-42","0.020839"
"31","2020-42","0.020803"
"37","2020-42","0.019612"
"47","2020-42","0.019575"
"53","2020-42","0.020695"
"63","2020-42","0.020660"
"10","2020-43","-0.016090"
"5","2020-43","-0.017808"
"15","2020-43","-0.017804"
"21","2020-43","-0.019893"
"31","2020-43","-0.019885"
"37","2020-43","-0.018489"
"47","2020-43","-0.018484"
"53","2020-43","-0.020471"
"63","2020-43","-0.020462"
"10","2020-44","-0.011538"
"5","2020-44","-0.012910"
"15","2020-44","-0.012907"
"21","2020-44","-0.011544"
"31","2020-44","-0.011544"
"37","2020-44","-0.012197"
"47","2020-44","-0.012196"
"53","2020-44","-0.010927"
"63","2020-44","-0.010928"
"10","2020-45","0.016477"
"5","2020-45","0.032766"
"15","2020-45","0.032729"
"21","2020-45","0.032000"
"31","2020-45","0.031968"
"37","2020-45","0.032742"
"47","2020-45","0.032705"
"53","2020-45","0.031988"
"63","2020-45","0.031957"
"10","2020-46","0.004501"
"5","2020-46","-0.001577"
"15","2020-46","-0.001563"
"21","2020-46","-0.002863"
"31","2020-46","-0.002849"
"37","2020-46","-0.001497"
"47","2020-46","-0.001484"
"53","2020-46","-0.002775"
"63","2020-46","-0.002761"
"10","2020-47","0.021804"
"5","2020-47","0.020340"
"15","2020-47","0.020343"
"21","2020-47","0.016863"
"31","2020-47","0.016872"
"37","2020-47","0.019917"
"47","2020-47","0.019921"
"53","2020-47","0.016536"
"63","2020-47","0.016546"
"10","2020-48","-0.001324"
"5","2020-48","0.003400"
"15","2020-48","0.003390"
"21","2020-48","0.000426"
"31","2020-48","0.000423"
"37","2020-48","0.003005"
"47","2020-48","0.002995"
"53","2020-48","0.000116"
"63","2020-48","0.000114"
"10","2020-49","0.003015"
"5","2020-49","0.011854"
"15","2020-49","0.011835"
"21","2020-49","0.013626"
"31","2020-49","0.013605"
"37","2020-49","0.012084"
"47","2020-49","0.012064"
"53","2020-49","0.013806"
"63","2020-49","0.013786"
"10","2020-50","-0.017168"
"5","2020-50","-0.032570"
"15","2020-50","-0.032537"
"21","2020-50","-0.031905"
"31","2020-50","-0.031877"
"37","2020-50","-0.032084"
"47","2020-50","-0.032053"
"53","2020-50","-0.031482"
"63","2020-50","-0.031455"
"10","2020-51","0.016792"
"5","2020-51","0.015323"
"15","2020-51","0.015326"
"21","2020-51","0.015261"
"31","2020-51","0.015264"
"37","2020-51","0.015078"
"47","2020-51","0.015082"
"53","2020-51","0.015044"
"63","2020-51","0.015047"
"10","2020-52","0.000991"
"5","2020-52","0.002290"
"15","2020-52","0.002287"
"21","2020-52","0.002490"
"31","2020-52","0.002487"
"37","2020-52","0.002205"
"47","2020-52","0.002202"
"53","2020-52","0.002411"
"63","2020-52","0.002408"
"10","2020-53","0.019142"
"5","2020-53","0.022778"
"15","2020-53","0.022771"
"21","2020-53","0.022844"
"31","2020-53","0.022837"
"37","2020-53","0.022899"
"47","2020-53","0.022891"
"53","2020-53","0.022951"
"63","2020-53","0.022944"
