"MarkettypeID","TradingMonth","RiskPremium2","SMB2","HML2"
"P9706","2006-01","0.080575","-0.005813","-0.008047"
"P9707","2006-01","0.347575","0.210811","0.087489"
"P9710","2006-01","0.103575","-0.000453","-0.021167"
"P9709","2006-01","0.080575","-0.005813","-0.008047"
"P9712","2006-01","0.080575","-0.005813","-0.008047"
"P9714","2006-01","0.080575","-0.005813","-0.008047"
"P9715","2006-01","0.103575","-0.000453","-0.021167"
"P9713","2006-01","0.103575","-0.000453","-0.021167"
"P9706","2006-02","0.038575","-0.012876","0.003775"
"P9707","2006-02","0.010575","-0.073883","-0.008963"
"P9710","2006-02","0.035575","-0.017297","0.002323"
"P9709","2006-02","0.038575","-0.012876","0.003775"
"P9712","2006-02","0.038575","-0.012876","0.003775"
"P9714","2006-02","0.038575","-0.012876","0.003775"
"P9715","2006-02","0.035575","-0.017297","0.002323"
"P9713","2006-02","0.035575","-0.017297","0.002323"
"P9706","2006-03","0.008575","-0.007185","-0.012971"
"P9707","2006-03","0.049575","-0.080626","-0.044663"
"P9710","2006-03","0.012575","-0.011577","-0.017435"
"P9709","2006-03","0.008575","-0.007185","-0.012971"
"P9712","2006-03","0.008575","-0.007185","-0.012971"
"P9714","2006-03","0.008575","-0.007185","-0.012971"
"P9715","2006-03","0.012575","-0.011577","-0.017435"
"P9713","2006-03","0.012575","-0.011577","-0.017435"
"P9706","2006-04","0.125575","-0.054845","0.035662"
"P9707","2006-04","0.034575","0.012055","-0.076192"
"P9710","2006-04","0.117575","-0.044373","0.032558"
"P9709","2006-04","0.125575","-0.054845","0.035662"
"P9712","2006-04","0.125575","-0.054845","0.035662"
"P9714","2006-04","0.125575","-0.054845","0.035662"
"P9715","2006-04","0.117575","-0.044373","0.032558"
"P9713","2006-04","0.117575","-0.044373","0.032558"
"P9706","2006-05","0.167575","0.124199","-0.019502"
"P9707","2006-05","0.064575","0.048496","-0.008442"
"P9710","2006-05","0.158575","0.120915","-0.012703"
"P9709","2006-05","0.167575","0.124199","-0.019502"
"P9712","2006-05","0.167575","0.124199","-0.019502"
"P9714","2006-05","0.167575","0.124199","-0.019502"
"P9715","2006-05","0.158575","0.120915","-0.012703"
"P9713","2006-05","0.158575","0.120915","-0.012703"
"P9706","2006-06","0.032575","0.052525","-0.012853"
"P9707","2006-06","-0.038425","0.027610","-0.001351"
"P9710","2006-06","0.027575","0.049681","-0.010138"
"P9709","2006-06","0.032575","0.052525","-0.012853"
"P9712","2006-06","0.032575","0.052525","-0.012853"
"P9714","2006-06","0.032575","0.052525","-0.012853"
"P9715","2006-06","0.027575","0.049681","-0.010138"
"P9713","2006-06","0.027575","0.049681","-0.010138"
"P9706","2006-07","-0.056425","0.050912","-0.010199"
"P9707","2006-07","-0.017425","-0.059606","-0.040370"
"P9710","2006-07","-0.053425","0.041151","-0.012809"
"P9709","2006-07","-0.056425","0.050912","-0.010199"
"P9712","2006-07","-0.056425","0.050912","-0.010199"
"P9714","2006-07","-0.056425","0.050912","-0.010199"
"P9715","2006-07","-0.053425","0.041151","-0.012809"
"P9713","2006-07","-0.053425","0.041151","-0.012809"
"P9706","2006-08","0.021500","0.002412","-0.022454"
"P9707","2006-08","0.016500","-0.018915","-0.014992"
"P9710","2006-08","0.020500","0.001149","-0.019782"
"P9709","2006-08","0.021500","0.002412","-0.022454"
"P9712","2006-08","0.021500","0.002412","-0.022454"
"P9714","2006-08","0.021500","0.002412","-0.022454"
"P9715","2006-08","0.020500","0.001149","-0.019782"
"P9713","2006-08","0.020500","0.001149","-0.019782"
"P9706","2006-09","0.046500","0.025698","-0.030294"
"P9707","2006-09","0.149500","0.338523","0.170007"
"P9710","2006-09","0.053500","0.047749","-0.023247"
"P9709","2006-09","0.046500","0.025698","-0.030294"
"P9712","2006-09","0.046500","0.025698","-0.030294"
"P9714","2006-09","0.046500","0.025698","-0.030294"
"P9715","2006-09","0.053500","0.047749","-0.023247"
"P9713","2006-09","0.053500","0.047749","-0.023247"
"P9706","2006-10","0.031500","-0.058073","0.047619"
"P9707","2006-10","0.024500","-0.083578","-0.022847"
"P9710","2006-10","0.030500","-0.062020","0.044337"
"P9709","2006-10","0.031500","-0.058073","0.047619"
"P9712","2006-10","0.031500","-0.058073","0.047619"
"P9714","2006-10","0.031500","-0.058073","0.047619"
"P9715","2006-10","0.030500","-0.062020","0.044337"
"P9713","2006-10","0.030500","-0.062020","0.044337"
"P9706","2006-11","0.138500","-0.143586","0.020522"
"P9707","2006-11","0.119500","-0.105361","-0.047009"
"P9710","2006-11","0.137500","-0.140409","0.014839"
"P9709","2006-11","0.138500","-0.143586","0.020522"
"P9712","2006-11","0.138500","-0.143586","0.020522"
"P9714","2006-11","0.138500","-0.143586","0.020522"
"P9715","2006-11","0.137500","-0.140409","0.014839"
"P9713","2006-11","0.137500","-0.140409","0.014839"
"P9706","2006-12","0.255500","-0.106122","0.001587"
"P9707","2006-12","0.120500","-0.086004","-0.047324"
"P9710","2006-12","0.248500","-0.103251","0.001308"
"P9709","2006-12","0.255500","-0.106122","0.001587"
"P9712","2006-12","0.255500","-0.106122","0.001587"
"P9714","2006-12","0.255500","-0.106122","0.001587"
"P9715","2006-12","0.248500","-0.103251","0.001308"
"P9713","2006-12","0.248500","-0.103251","0.001308"
"P9706","2007-01","0.060500","0.069997","-0.004906"
"P9707","2007-01","0.121500","0.135445","0.062548"
"P9710","2007-01","0.063500","0.078180","-0.001426"
"P9709","2007-01","0.060500","0.069997","-0.004906"
"P9712","2007-01","0.060500","0.069997","-0.004906"
"P9714","2007-01","0.060500","0.069997","-0.004906"
"P9715","2007-01","0.063500","0.078180","-0.001426"
"P9713","2007-01","0.063500","0.078180","-0.001426"
"P9706","2007-02","0.045500","0.118454","0.014951"
"P9707","2007-02","0.080500","0.085272","0.048272"
"P9710","2007-02","0.046500","0.117774","0.018210"
"P9709","2007-02","0.045500","0.118454","0.014951"
"P9712","2007-02","0.045500","0.118454","0.014951"
"P9714","2007-02","0.045500","0.118454","0.014951"
"P9715","2007-02","0.046500","0.117774","0.018210"
"P9713","2007-02","0.046500","0.117774","0.018210"
"P9706","2007-03","0.106350","0.118894","-0.007549"
"P9707","2007-03","0.037350","0.013868","-0.015639"
"P9710","2007-03","0.103350","0.109368","-0.002514"
"P9709","2007-03","0.106350","0.118894","-0.007549"
"P9712","2007-03","0.106350","0.118894","-0.007549"
"P9714","2007-03","0.106350","0.118894","-0.007549"
"P9715","2007-03","0.103350","0.109368","-0.002514"
"P9713","2007-03","0.103350","0.109368","-0.002514"
"P9706","2007-04","0.192350","0.062699","0.042895"
"P9707","2007-04","0.237350","0.026977","0.035818"
"P9710","2007-04","0.194350","0.061512","0.047253"
"P9709","2007-04","0.192350","0.062699","0.042895"
"P9712","2007-04","0.192350","0.062699","0.042895"
"P9714","2007-04","0.192350","0.062699","0.042895"
"P9715","2007-04","0.194350","0.061512","0.047253"
"P9713","2007-04","0.194350","0.061512","0.047253"
"P9706","2007-05","0.069275","-0.028153","-0.000064"
"P9707","2007-05","0.201275","0.136387","-0.026208"
"P9710","2007-05","0.075275","-0.013057","-0.011315"
"P9709","2007-05","0.069275","-0.028153","-0.000064"
"P9712","2007-05","0.069275","-0.028153","-0.000064"
"P9714","2007-05","0.069275","-0.028153","-0.000064"
"P9715","2007-05","0.075275","-0.013057","-0.011315"
"P9713","2007-05","0.075275","-0.013057","-0.011315"
"P9706","2007-06","-0.076725","-0.118928","-0.100223"
"P9707","2007-06","-0.072725","-0.094517","-0.009098"
"P9710","2007-06","-0.076725","-0.114863","-0.091054"
"P9709","2007-06","-0.076725","-0.118928","-0.100223"
"P9712","2007-06","-0.076725","-0.118928","-0.100223"
"P9714","2007-06","-0.076725","-0.118928","-0.100223"
"P9715","2007-06","-0.076725","-0.114863","-0.091054"
"P9713","2007-06","-0.076725","-0.114863","-0.091054"
"P9706","2007-07","0.169050","0.086494","0.018531"
"P9707","2007-07","0.249050","0.018846","-0.029795"
"P9710","2007-07","0.173050","0.083519","0.014067"
"P9709","2007-07","0.169050","0.086494","0.018531"
"P9712","2007-07","0.169050","0.086494","0.018531"
"P9714","2007-07","0.169050","0.086494","0.018531"
"P9715","2007-07","0.173050","0.083519","0.014067"
"P9713","2007-07","0.173050","0.083519","0.014067"
"P9706","2007-08","0.166825","-0.038722","-0.004172"
"P9707","2007-08","-0.025175","-0.023739","-0.003364"
"P9710","2007-08","0.156825","-0.043946","0.005836"
"P9709","2007-08","0.166825","-0.038722","-0.004172"
"P9712","2007-08","0.166825","-0.038722","-0.004172"
"P9714","2007-08","0.166825","-0.038722","-0.004172"
"P9715","2007-08","0.156825","-0.043946","0.005836"
"P9713","2007-08","0.156825","-0.043946","0.005836"
"P9706","2007-09","0.056600","-0.015255","0.062892"
"P9707","2007-09","0.073600","0.010029","0.012496"
"P9710","2007-09","0.056600","-0.010773","0.058017"
"P9709","2007-09","0.056600","-0.015255","0.062892"
"P9712","2007-09","0.056600","-0.015255","0.062892"
"P9714","2007-09","0.056600","-0.015255","0.062892"
"P9715","2007-09","0.056600","-0.010773","0.058017"
"P9713","2007-09","0.056600","-0.010773","0.058017"
"P9706","2007-10","0.065600","-0.146475","-0.026165"
"P9707","2007-10","0.039600","-0.070546","-0.028371"
"P9710","2007-10","0.064600","-0.145299","-0.025247"
"P9709","2007-10","0.065600","-0.146475","-0.026165"
"P9712","2007-10","0.065600","-0.146475","-0.026165"
"P9714","2007-10","0.065600","-0.146475","-0.026165"
"P9715","2007-10","0.064600","-0.145299","-0.025247"
"P9713","2007-10","0.064600","-0.145299","-0.025247"
"P9706","2007-11","-0.131400","0.085914","0.001518"
"P9707","2007-11","-0.113400","0.008449","-0.020366"
"P9710","2007-11","-0.131400","0.080192","0.001563"
"P9709","2007-11","-0.131400","0.085914","0.001518"
"P9712","2007-11","-0.131400","0.085914","0.001518"
"P9714","2007-11","-0.131400","0.085914","0.001518"
"P9715","2007-11","-0.131400","0.080192","0.001563"
"P9713","2007-11","-0.131400","0.080192","0.001563"
"P9706","2007-12","0.073225","0.073416","-0.001865"
"P9707","2007-12","0.032225","0.062400","0.020317"
"P9710","2007-12","0.072225","0.070680","0.005325"
"P9709","2007-12","0.073225","0.073416","-0.001865"
"P9712","2007-12","0.073225","0.073416","-0.001865"
"P9714","2007-12","0.073225","0.073416","-0.001865"
"P9715","2007-12","0.072225","0.070680","0.005325"
"P9713","2007-12","0.072225","0.070680","0.005325"
"P9706","2008-01","-0.168775","0.081718","-0.034303"
"P9707","2008-01","-0.152775","-0.026079","-0.011532"
"P9710","2008-01","-0.168775","0.073161","-0.029331"
"P9709","2008-01","-0.168775","0.081718","-0.034303"
"P9712","2008-01","-0.168775","0.081718","-0.034303"
"P9714","2008-01","-0.168775","0.081718","-0.034303"
"P9713","2008-01","-0.168775","0.073161","-0.029331"
"P9715","2008-01","-0.168775","0.073161","-0.029331"
"P9706","2008-02","-0.002775","0.082002","0.022209"
"P9707","2008-02","0.019225","-0.015769","-0.034013"
"P9710","2008-02","-0.001775","0.073890","0.020909"
"P9709","2008-02","-0.002775","0.082002","0.022209"
"P9712","2008-02","-0.002775","0.082002","0.022209"
"P9714","2008-02","-0.002775","0.082002","0.022209"
"P9713","2008-02","-0.001775","0.073890","0.020909"
"P9715","2008-02","-0.001775","0.073890","0.020909"
"P9706","2008-03","-0.201775","0.002910","-0.041913"
"P9707","2008-03","-0.139775","-0.063364","-0.025618"
"P9710","2008-03","-0.199775","-0.002471","-0.040237"
"P9709","2008-03","-0.201775","0.002910","-0.041913"
"P9712","2008-03","-0.201775","0.002910","-0.041913"
"P9714","2008-03","-0.201775","0.002910","-0.041913"
"P9713","2008-03","-0.199775","-0.002471","-0.040237"
"P9715","2008-03","-0.199775","-0.002471","-0.040237"
"P9706","2008-04","0.064225","-0.097567","-0.011861"
"P9707","2008-04","0.034225","-0.035735","0.010841"
"P9710","2008-04","0.063225","-0.094830","-0.011102"
"P9709","2008-04","0.064225","-0.097567","-0.011861"
"P9712","2008-04","0.064225","-0.097567","-0.011861"
"P9714","2008-04","0.064225","-0.097567","-0.011861"
"P9713","2008-04","0.063225","-0.094830","-0.011102"
"P9715","2008-04","0.063225","-0.094830","-0.011102"
"P9706","2008-05","-0.076775","0.045602","0.039307"
"P9707","2008-05","-0.063775","0.043571","-0.037717"
"P9710","2008-05","-0.075775","0.046215","0.031780"
"P9709","2008-05","-0.076775","0.045602","0.039307"
"P9712","2008-05","-0.076775","0.045602","0.039307"
"P9714","2008-05","-0.076775","0.045602","0.039307"
"P9713","2008-05","-0.075775","0.046215","0.031780"
"P9715","2008-05","-0.075775","0.046215","0.031780"
"P9706","2008-06","-0.205775","-0.043018","-0.007338"
"P9707","2008-06","-0.131775","-0.010822","-0.019436"
"P9710","2008-06","-0.202775","-0.038230","-0.013270"
"P9709","2008-06","-0.205775","-0.043018","-0.007338"
"P9712","2008-06","-0.205775","-0.043018","-0.007338"
"P9714","2008-06","-0.205775","-0.043018","-0.007338"
"P9713","2008-06","-0.202775","-0.038230","-0.013270"
"P9715","2008-06","-0.202775","-0.038230","-0.013270"
"P9706","2008-07","0.015225","0.090628","-0.003182"
"P9707","2008-07","-0.021775","0.043178","0.017267"
"P9710","2008-07","0.013225","0.087397","-0.000933"
"P9709","2008-07","0.015225","0.090628","-0.003182"
"P9712","2008-07","0.015225","0.090628","-0.003182"
"P9714","2008-07","0.015225","0.090628","-0.003182"
"P9713","2008-07","0.013225","0.087397","-0.000933"
"P9715","2008-07","0.013225","0.087397","-0.000933"
"P9706","2008-08","-0.142775","-0.091499","0.027053"
"P9707","2008-08","-0.216775","0.017019","0.051129"
"P9710","2008-08","-0.144775","-0.086914","0.030775"
"P9709","2008-08","-0.142775","-0.091499","0.027053"
"P9712","2008-08","-0.142775","-0.091499","0.027053"
"P9714","2008-08","-0.142775","-0.091499","0.027053"
"P9713","2008-08","-0.144775","-0.086914","0.030775"
"P9715","2008-08","-0.144775","-0.086914","0.030775"
"P9706","2008-09","-0.056775","-0.036878","0.057872"
"P9707","2008-09","-0.157775","-0.051368","0.042659"
"P9710","2008-09","-0.059775","-0.041926","0.060473"
"P9709","2008-09","-0.056775","-0.036878","0.057872"
"P9712","2008-09","-0.056775","-0.036878","0.057872"
"P9714","2008-09","-0.056775","-0.036878","0.057872"
"P9713","2008-09","-0.059775","-0.041926","0.060473"
"P9715","2008-09","-0.059775","-0.041926","0.060473"
"P9706","2008-10","-0.250400","0.002247","0.027416"
"P9707","2008-10","-0.294400","-0.011350","-0.023552"
"P9710","2008-10","-0.251400","-0.001152","0.026932"
"P9709","2008-10","-0.250400","0.002247","0.027416"
"P9712","2008-10","-0.250400","0.002247","0.027416"
"P9714","2008-10","-0.250400","0.002247","0.027416"
"P9713","2008-10","-0.251400","-0.001152","0.026932"
"P9715","2008-10","-0.251400","-0.001152","0.026932"
"P9706","2008-11","0.093350","0.108542","-0.029089"
"P9707","2008-11","0.154350","0.022960","-0.015711"
"P9710","2008-11","0.094350","0.105445","-0.028963"
"P9709","2008-11","0.093350","0.108542","-0.029089"
"P9712","2008-11","0.093350","0.108542","-0.029089"
"P9714","2008-11","0.093350","0.108542","-0.029089"
"P9713","2008-11","0.094350","0.105445","-0.028963"
"P9715","2008-11","0.094350","0.105445","-0.028963"
"P9706","2008-12","-0.025425","0.091011","-0.037750"
"P9707","2008-12","0.076575","0.034579","-0.064767"
"P9710","2008-12","-0.022425","0.090609","-0.041355"
"P9709","2008-12","-0.025425","0.091011","-0.037750"
"P9712","2008-12","-0.025425","0.091011","-0.037750"
"P9714","2008-12","-0.025425","0.091011","-0.037750"
"P9713","2008-12","-0.022425","0.090609","-0.041355"
"P9715","2008-12","-0.022425","0.090609","-0.041355"
"P9706","2009-01","0.088575","0.048879","-0.018039"
"P9707","2009-01","0.075575","0.026345","-0.014284"
"P9710","2009-01","0.087575","0.046195","-0.019414"
"P9709","2009-01","0.088575","0.048879","-0.018039"
"P9712","2009-01","0.088575","0.048879","-0.018039"
"P9714","2009-01","0.088575","0.048879","-0.018039"
"P9713","2009-01","0.087575","0.046195","-0.019414"
"P9715","2009-01","0.087575","0.046195","-0.019414"
"P9706","2009-02","0.048575","0.047725","-0.020951"
"P9707","2009-02","0.050575","-0.003864","0.001048"
"P9710","2009-02","0.048575","0.044574","-0.016909"
"P9709","2009-02","0.048575","0.047725","-0.020951"
"P9712","2009-02","0.048575","0.047725","-0.020951"
"P9714","2009-02","0.048575","0.047725","-0.020951"
"P9713","2009-02","0.048575","0.044574","-0.016909"
"P9715","2009-02","0.048575","0.044574","-0.016909"
"P9706","2009-03","0.140575","0.085990","-0.045720"
"P9707","2009-03","0.209575","-0.004662","-0.098911"
"P9710","2009-03","0.142575","0.081466","-0.047558"
"P9709","2009-03","0.140575","0.085990","-0.045720"
"P9712","2009-03","0.140575","0.085990","-0.045720"
"P9714","2009-03","0.140575","0.085990","-0.045720"
"P9713","2009-03","0.142575","0.081466","-0.047558"
"P9715","2009-03","0.142575","0.081466","-0.047558"
"P9706","2009-04","0.044575","0.032092","0.010133"
"P9707","2009-04","0.022575","0.033880","0.007032"
"P9710","2009-04","0.043575","0.029893","0.011725"
"P9709","2009-04","0.044575","0.032092","0.010133"
"P9712","2009-04","0.044575","0.032092","0.010133"
"P9713","2009-04","0.043575","0.029893","0.011725"
"P9714","2009-04","0.044575","0.032092","0.010133"
"P9715","2009-04","0.043575","0.029893","0.011725"
"P9706","2009-05","0.059575","0.025171","0.014635"
"P9707","2009-05","0.121575","0.012513","-0.004368"
"P9710","2009-05","0.061575","0.025509","0.014658"
"P9709","2009-05","0.059575","0.025171","0.014635"
"P9712","2009-05","0.059575","0.025171","0.014635"
"P9713","2009-05","0.061575","0.025509","0.014658"
"P9714","2009-05","0.059575","0.025171","0.014635"
"P9715","2009-05","0.061575","0.025509","0.014658"
"P9706","2009-06","0.141575","-0.100497","-0.036574"
"P9707","2009-06","0.139575","-0.015440","-0.005865"
"P9710","2009-06","0.141575","-0.093927","-0.033925"
"P9709","2009-06","0.141575","-0.100497","-0.036574"
"P9712","2009-06","0.141575","-0.100497","-0.036574"
"P9713","2009-06","0.141575","-0.093927","-0.033925"
"P9714","2009-06","0.141575","-0.100497","-0.036574"
"P9715","2009-06","0.141575","-0.093927","-0.033925"
"P9706","2009-07","0.150575","-0.025051","0.010710"
"P9707","2009-07","0.102575","0.008742","0.095562"
"P9710","2009-07","0.148575","-0.023758","0.010874"
"P9709","2009-07","0.150575","-0.025051","0.010710"
"P9712","2009-07","0.150575","-0.025051","0.010710"
"P9713","2009-07","0.148575","-0.023758","0.010874"
"P9714","2009-07","0.150575","-0.025051","0.010710"
"P9715","2009-07","0.148575","-0.023758","0.010874"
"P9706","2009-08","-0.216425","0.055629","-0.023596"
"P9707","2009-08","-0.151425","0.014686","-0.007632"
"P9710","2009-08","-0.214425","0.054634","-0.023705"
"P9709","2009-08","-0.216425","0.055629","-0.023596"
"P9712","2009-08","-0.216425","0.055629","-0.023596"
"P9713","2009-08","-0.214425","0.054634","-0.023705"
"P9714","2009-08","-0.216425","0.055629","-0.023596"
"P9715","2009-08","-0.214425","0.054634","-0.023705"
"P9706","2009-09","0.046575","-0.021428","-0.013969"
"P9707","2009-09","0.052575","0.013341","-0.014917"
"P9710","2009-09","0.046575","-0.018908","-0.011814"
"P9709","2009-09","0.046575","-0.021428","-0.013969"
"P9712","2009-09","0.046575","-0.021428","-0.013969"
"P9713","2009-09","0.046575","-0.018908","-0.011814"
"P9714","2009-09","0.046575","-0.021428","-0.013969"
"P9715","2009-09","0.046575","-0.018908","-0.011814"
"P9705","2009-10","-0.001425","",""
"P9706","2009-10","0.078575","0.031512","-0.006602"
"P9707","2009-10","0.063575","0.020689","0.014008"
"P9710","2009-10","0.077575","0.031384","-0.005554"
"P9709","2009-10","0.078575","0.031512","-0.006602"
"P9712","2009-10","0.078575","0.031512","-0.006602"
"P9713","2009-10","0.078575","0.031384","-0.005554"
"P9714","2009-10","0.078575","0.031512","-0.006602"
"P9715","2009-10","0.077575","0.031384","-0.005554"
"P9705","2009-11","-0.013425","",""
"P9706","2009-11","0.068575","0.081205","-0.014850"
"P9707","2009-11","0.144575","0.111355","0.072009"
"P9710","2009-11","0.070575","0.083970","-0.012402"
"P9709","2009-11","0.068575","0.081205","-0.014850"
"P9712","2009-11","0.068575","0.081205","-0.014850"
"P9713","2009-11","0.071575","0.083970","-0.012402"
"P9714","2009-11","0.068575","0.081205","-0.014850"
"P9715","2009-11","0.070575","0.083970","-0.012402"
"P9705","2009-12","-0.078425","",""
"P9706","2009-12","0.024575","0.010828","0.023272"
"P9707","2009-12","0.009575","0.013609","-0.023320"
"P9710","2009-12","0.023575","0.009210","0.021655"
"P9709","2009-12","0.023575","0.010828","0.023272"
"P9712","2009-12","0.024575","0.010828","0.023272"
"P9713","2009-12","0.023575","0.009210","0.021655"
"P9714","2009-12","0.023575","0.010828","0.023272"
"P9715","2009-12","0.023575","0.009210","0.021655"
"P9705","2010-01","-0.104425","",""
"P9706","2010-01","-0.087425","0.068575","-0.019892"
"P9707","2010-01","-0.060425","0.051625","-0.012815"
"P9710","2010-01","-0.086425","0.068652","-0.017401"
"P9709","2010-01","-0.087425","0.068575","-0.019892"
"P9712","2010-01","-0.087425","0.068575","-0.019892"
"P9713","2010-01","-0.086425","0.068652","-0.017401"
"P9714","2010-01","-0.087425","0.068575","-0.019892"
"P9715","2010-01","-0.086425","0.068652","-0.017401"
"P9705","2010-02","0.090575","",""
"P9706","2010-02","0.020575","0.064170","-0.033610"
"P9707","2010-02","0.028575","0.005888","-0.013542"
"P9710","2010-02","0.021575","0.061307","-0.033113"
"P9709","2010-02","0.021575","0.064170","-0.033610"
"P9712","2010-02","0.020575","0.064170","-0.033610"
"P9713","2010-02","0.021575","0.061307","-0.033113"
"P9714","2010-02","0.021575","0.064170","-0.033610"
"P9715","2010-02","0.021575","0.061307","-0.033113"
"P9705","2010-03","0.176575","",""
"P9706","2010-03","0.019575","0.017912","-0.007244"
"P9707","2010-03","0.033575","-0.014853","-0.022153"
"P9710","2010-03","0.021575","0.016879","-0.009772"
"P9709","2010-03","0.020575","0.017912","-0.007244"
"P9712","2010-03","0.019575","0.017912","-0.007244"
"P9713","2010-03","0.019575","0.016879","-0.009772"
"P9714","2010-03","0.020575","0.017912","-0.007244"
"P9715","2010-03","0.021575","0.016879","-0.009772"
"P9705","2010-04","-0.109425","",""
"P9706","2010-04","-0.079425","-0.000536","-0.023727"
"P9707","2010-04","-0.075425","-0.008687","0.044528"
"P9710","2010-04","-0.079425","0.000102","-0.017312"
"P9709","2010-04","-0.079425","-0.000536","-0.023727"
"P9712","2010-04","-0.079425","-0.000536","-0.023727"
"P9713","2010-04","-0.079425","0.000102","-0.017312"
"P9714","2010-04","-0.079425","-0.000536","-0.023727"
"P9715","2010-04","-0.079425","0.000102","-0.017312"
"P9705","2010-05","-0.032425","",""
"P9706","2010-05","-0.088425","0.009890","0.006773"
"P9707","2010-05","-0.109425","-0.022294","-0.084917"
"P9710","2010-05","-0.088425","0.007851","0.002683"
"P9709","2010-05","-0.088425","0.009890","0.006773"
"P9712","2010-05","-0.088425","0.009890","0.006773"
"P9713","2010-05","-0.089425","0.007851","0.002683"
"P9714","2010-05","-0.088425","0.009890","0.006773"
"P9715","2010-05","-0.088425","0.007851","0.002683"
"P9705","2010-06","-0.081425","",""
"P9706","2010-06","-0.075425","-0.026237","0.006690"
"P9707","2010-06","-0.005425","-0.022460","-0.017384"
"P9710","2010-06","-0.073425","-0.026861","0.004929"
"P9709","2010-06","-0.075425","-0.026237","0.006690"
"P9712","2010-06","-0.075425","-0.026237","0.006690"
"P9713","2010-06","-0.072425","-0.026861","0.004929"
"P9714","2010-06","-0.075425","-0.026237","0.006690"
"P9715","2010-06","-0.073425","-0.026861","0.004929"
"P9705","2010-07","0.047575","0.044244","0.008013"
"P9706","2010-07","0.106575","0.041690","-0.021092"
"P9707","2010-07","0.162575","-0.021099","-0.017665"
"P9710","2010-07","0.107575","0.036891","-0.027082"
"P9709","2010-07","0.105575","0.038490","-0.026015"
"P9712","2010-07","0.106575","0.041690","-0.021092"
"P9713","2010-07","0.108575","0.039917","-0.022421"
"P9714","2010-07","0.105575","0.038490","-0.026015"
"P9715","2010-07","0.107575","0.036891","-0.027082"
"P9705","2010-08","0.045575","-0.001483","0.026857"
"P9706","2010-08","0.012575","0.076639","-0.071841"
"P9707","2010-08","0.062575","0.056951","-0.048049"
"P9710","2010-08","0.014575","0.072862","-0.077397"
"P9709","2010-08","0.013575","0.073178","-0.076886"
"P9712","2010-08","0.012575","0.076639","-0.071841"
"P9713","2010-08","0.014575","0.076225","-0.072493"
"P9714","2010-08","0.013575","0.073178","-0.076886"
"P9715","2010-08","0.014575","0.072862","-0.077397"
"P9705","2010-09","-0.078425","0.025651","0.060447"
"P9706","2010-09","0.006575","0.001086","-0.046987"
"P9707","2010-09","0.058575","-0.033964","-0.014599"
"P9710","2010-09","0.006575","0.000414","-0.060887"
"P9709","2010-09","0.004575","-0.001644","-0.051237"
"P9712","2010-09","0.006575","0.001086","-0.046987"
"P9713","2010-09","0.008575","0.003159","-0.056614"
"P9714","2010-09","0.004575","-0.001644","-0.051237"
"P9715","2010-09","0.006575","0.000414","-0.060887"
"P9705","2010-10","0.115408","0.009360","-0.002888"
"P9706","2010-10","0.118408","-0.027377","0.011675"
"P9707","2010-10","0.097408","-0.023305","0.026015"
"P9710","2010-10","0.117408","-0.026282","0.017143"
"P9709","2010-10","0.118408","-0.025336","0.014717"
"P9712","2010-10","0.118408","-0.027377","0.011675"
"P9713","2010-10","0.117408","-0.028345","0.014065"
"P9714","2010-10","0.118408","-0.025336","0.014717"
"P9715","2010-10","0.117408","-0.026282","0.017143"
"P9705","2010-11","0.095408","0.091920","-0.000041"
"P9706","2010-11","-0.045592","0.052572","-0.035048"
"P9707","2010-11","-0.016592","0.040345","0.005099"
"P9710","2010-11","-0.041592","0.054885","-0.028642"
"P9709","2010-11","-0.042592","0.054606","-0.031759"
"P9712","2010-11","-0.045592","0.052572","-0.035048"
"P9713","2010-11","-0.044592","0.052941","-0.031788"
"P9714","2010-11","-0.042592","0.054606","-0.031759"
"P9715","2010-11","-0.041592","0.054885","-0.028642"
"P9705","2010-12","-0.040875","0.026654","-0.023702"
"P9706","2010-12","-0.005875","-0.004098","0.019587"
"P9707","2010-12","0.010125","0.027808","0.010047"
"P9710","2010-12","-0.006875","-0.004212","0.019292"
"P9709","2010-12","-0.006875","-0.004766","0.018369"
"P9712","2010-12","-0.005875","-0.004098","0.019587"
"P9713","2010-12","-0.005875","-0.003487","0.020592"
"P9714","2010-12","-0.006875","-0.004766","0.018369"
"P9715","2010-12","-0.006875","-0.004212","0.019292"
"P9705","2011-01","-0.100875","0.016913","-0.018116"
"P9706","2011-01","-0.022875","-0.035746","0.039534"
"P9707","2011-01","0.003125","0.011793","0.020837"
"P9710","2011-01","-0.023875","-0.034057","0.036591"
"P9709","2011-01","-0.024875","-0.036639","0.037929"
"P9712","2011-01","-0.022875","-0.035746","0.039534"
"P9713","2011-01","-0.022875","-0.033065","0.038338"
"P9714","2011-01","-0.024875","-0.036639","0.037929"
"P9715","2011-01","-0.023875","-0.034057","0.036591"
"P9705","2011-02","0.055833","-0.020063","-0.003225"
"P9706","2011-02","0.045833","0.056278","-0.035033"
"P9707","2011-02","0.013833","0.037916","-0.012849"
"P9710","2011-02","0.045833","0.054531","-0.035367"
"P9709","2011-02","0.046833","0.055437","-0.036266"
"P9712","2011-02","0.045833","0.056278","-0.035033"
"P9713","2011-02","0.044833","0.055211","-0.034376"
"P9714","2011-02","0.046833","0.055437","-0.036266"
"P9715","2011-02","0.045833","0.054531","-0.035367"
"P9705","2011-03","-0.068167","0.019041","0.036459"
"P9706","2011-03","-0.002167","0.004042","0.010137"
"P9707","2011-03","-0.013167","0.016717","0.011957"
"P9710","2011-03","-0.004167","0.001304","0.008615"
"P9709","2011-03","-0.004167","0.001761","0.006506"
"P9712","2011-03","-0.002167","0.004042","0.010137"
"P9713","2011-03","-0.003167","0.003514","0.012134"
"P9714","2011-03","-0.004167","0.001761","0.006506"
"P9715","2011-03","-0.004167","0.001304","0.008615"
"P9705","2011-04","-0.095375","-0.003988","-0.017564"
"P9706","2011-04","-0.011375","-0.024831","0.004204"
"P9707","2011-04","-0.037375","-0.025182","-0.008220"
"P9710","2011-04","-0.014375","-0.028239","0.001536"
"P9709","2011-04","-0.014375","-0.026246","0.001942"
"P9712","2011-04","-0.011375","-0.024831","0.004204"
"P9713","2011-04","-0.012375","-0.026906","0.003669"
"P9714","2011-04","-0.014375","-0.026246","0.001942"
"P9715","2011-04","-0.014375","-0.028239","0.001536"
"P9705","2011-05","-0.076375","0.031073","-0.074730"
"P9706","2011-05","-0.065375","-0.008925","-0.004201"
"P9707","2011-05","-0.058375","0.017103","-0.023288"
"P9710","2011-05","-0.065375","-0.007509","-0.004306"
"P9709","2011-05","-0.065375","-0.008172","-0.003156"
"P9712","2011-05","-0.065375","-0.008925","-0.004201"
"P9713","2011-05","-0.065375","-0.008220","-0.005291"
"P9714","2011-05","-0.065375","-0.008172","-0.003156"
"P9715","2011-05","-0.065375","-0.007509","-0.004306"
"P9705","2011-06","0.003625","0.017294","0.069857"
"P9706","2011-06","0.023625","0.025942","-0.010858"
"P9707","2011-06","-0.037375","0.022368","-0.027762"
"P9710","2011-06","0.021625","0.023666","-0.013612"
"P9709","2011-06","0.023625","0.024489","-0.013142"
"P9712","2011-06","0.023625","0.025942","-0.010858"
"P9713","2011-06","0.021625","0.024938","-0.011606"
"P9714","2011-06","0.023625","0.024489","-0.013142"
"P9715","2011-06","0.021625","0.023666","-0.013612"
"P9705","2011-07","0.074417","-0.046857","0.008133"
"P9706","2011-07","-0.016583","0.034752","-0.053062"
"P9707","2011-07","0.013417","0.010176","-0.045857"
"P9710","2011-07","-0.013583","0.039508","-0.049755"
"P9709","2011-07","-0.013583","0.038534","-0.049334"
"P9712","2011-07","-0.016583","0.034752","-0.053062"
"P9713","2011-07","-0.015583","0.035765","-0.053483"
"P9714","2011-07","-0.013583","0.038534","-0.049334"
"P9715","2011-07","-0.013583","0.039508","-0.049755"
"P9705","2011-08","0.016417","0.023837","-0.023898"
"P9706","2011-08","-0.048583","0.018219","-0.013838"
"P9707","2011-08","-0.066583","0.019978","-0.037263"
"P9710","2011-08","-0.046583","0.019775","-0.009490"
"P9709","2011-08","-0.046583","0.020526","-0.011280"
"P9712","2011-08","-0.048583","0.018219","-0.013838"
"P9713","2011-08","-0.048583","0.017408","-0.012199"
"P9714","2011-08","-0.046583","0.020526","-0.011280"
"P9715","2011-08","-0.046583","0.019775","-0.009490"
"P9705","2011-09","-0.148583","0.009808","0.012232"
"P9706","2011-09","-0.089583","-0.026154","0.034667"
"P9707","2011-09","-0.146583","0.027783","0.010072"
"P9710","2011-09","-0.092583","-0.030644","0.026062"
"P9709","2011-09","-0.091583","-0.027371","0.033421"
"P9712","2011-09","-0.089583","-0.026154","0.034667"
"P9713","2011-09","-0.091583","-0.029458","0.027312"
"P9714","2011-09","-0.091583","-0.027371","0.033421"
"P9715","2011-09","-0.092583","-0.030644","0.026062"
"P9705","2011-10","0.068417","0.036554","-0.042844"
"P9706","2011-10","0.043417","-0.008172","0.026626"
"P9707","2011-10","0.086417","-0.035065","0.014138"
"P9710","2011-10","0.045417","-0.006691","0.033477"
"P9709","2011-10","0.044417","-0.006490","0.027429"
"P9712","2011-10","0.043417","-0.008172","0.026626"
"P9713","2011-10","0.045417","-0.008304","0.032759"
"P9714","2011-10","0.044417","-0.006490","0.027429"
"P9715","2011-10","0.045417","-0.006691","0.033477"
"P9705","2011-11","-0.020583","0.008703","-0.004125"
"P9706","2011-11","-0.054583","0.010155","-0.019988"
"P9707","2011-11","-0.088583","-0.023389","-0.037150"
"P9710","2011-11","-0.054583","0.009087","-0.017752"
"P9709","2011-11","-0.053583","0.012036","-0.017632"
"P9712","2011-11","-0.054583","0.010155","-0.019988"
"P9713","2011-11","-0.055583","0.007097","-0.020293"
"P9714","2011-11","-0.053583","0.012036","-0.017632"
"P9715","2011-11","-0.054583","0.009087","-0.017752"
"P9705","2011-12","-0.131583","-0.003027","0.030860"
"P9706","2011-12","-0.071583","-0.093487","0.078386"
"P9707","2011-12","-0.037583","-0.012426","0.068191"
"P9710","2011-12","-0.072583","-0.092712","0.073514"
"P9709","2011-12","-0.073583","-0.093091","0.078574"
"P9712","2011-12","-0.071583","-0.093487","0.078386"
"P9713","2011-12","-0.070583","-0.092749","0.073779"
"P9714","2011-12","-0.073583","-0.093091","0.078574"
"P9715","2011-12","-0.072583","-0.092712","0.073514"
"P9705","2012-01","-0.115583","0.012358","-0.015479"
"P9706","2012-01","0.030417","-0.038789","-0.011674"
"P9707","2012-01","0.039417","-0.007359","-0.001751"
"P9710","2012-01","0.026417","-0.042783","-0.018052"
"P9709","2012-01","0.026417","-0.044830","-0.017540"
"P9712","2012-01","0.030417","-0.038789","-0.011674"
"P9713","2012-01","0.031417","-0.036703","-0.012044"
"P9714","2012-01","0.026417","-0.044830","-0.017540"
"P9715","2012-01","0.026417","-0.042783","-0.018052"
"P9705","2012-02","0.140417","0.005145","0.008024"
"P9706","2012-02","0.066417","0.059289","-0.036771"
"P9707","2012-02","0.110417","-0.008041","0.003784"
"P9710","2012-02","0.069417","0.058426","-0.033100"
"P9709","2012-02","0.068417","0.059224","-0.036435"
"P9712","2012-02","0.066417","0.059289","-0.036771"
"P9713","2012-02","0.067417","0.058422","-0.033587"
"P9714","2012-02","0.068417","0.059224","-0.036435"
"P9715","2012-02","0.069417","0.058426","-0.033100"
"P9705","2012-03","-0.087583","0.015839","-0.015972"
"P9706","2012-03","-0.067583","-0.002060","0.013091"
"P9707","2012-03","-0.048583","0.016515","-0.018806"
"P9710","2012-03","-0.067583","-0.003797","0.010806"
"P9709","2012-03","-0.068583","-0.004429","0.010613"
"P9712","2012-03","-0.067583","-0.002060","0.013091"
"P9713","2012-03","-0.067583","-0.001398","0.013312"
"P9714","2012-03","-0.068583","-0.004429","0.010613"
"P9715","2012-03","-0.067583","-0.003797","0.010806"
"P9705","2012-04","0.011417","0.012560","-0.027165"
"P9706","2012-04","0.051417","0.014496","-0.019341"
"P9707","2012-04","0.067417","0.046811","0.001007"
"P9710","2012-04","0.051417","0.013832","-0.021384"
"P9709","2012-04","0.050417","0.009454","-0.024240"
"P9712","2012-04","0.051417","0.014496","-0.019341"
"P9713","2012-04","0.052417","0.018901","-0.016566"
"P9714","2012-04","0.050417","0.009454","-0.024240"
"P9715","2012-04","0.051417","0.013832","-0.021384"
"P9705","2012-05","0.058417","-0.034927","0.000443"
"P9706","2012-05","-0.003583","0.012304","-0.020247"
"P9707","2012-05","-0.031583","0.006387","0.018045"
"P9710","2012-05","-0.002583","0.019033","-0.011518"
"P9709","2012-05","-0.001583","0.016518","-0.017131"
"P9712","2012-05","-0.003583","0.012304","-0.020247"
"P9713","2012-05","-0.004583","0.014871","-0.014698"
"P9714","2012-05","-0.001583","0.016518","-0.017131"
"P9715","2012-05","-0.002583","0.019033","-0.011518"
"P9705","2012-06","-0.003375","-0.014748","0.026089"
"P9706","2012-06","-0.048375","-0.014741","0.011072"
"P9707","2012-06","-0.031375","-0.005662","0.041470"
"P9710","2012-06","-0.046375","-0.013014","0.013407"
"P9709","2012-06","-0.046375","-0.011475","0.014742"
"P9712","2012-06","-0.048375","-0.014741","0.011072"
"P9713","2012-06","-0.047375","-0.016143","0.009880"
"P9714","2012-06","-0.046375","-0.011475","0.014742"
"P9715","2012-06","-0.046375","-0.013014","0.013407"
"P9705","2012-07","-0.098167","-0.055232","-0.039401"
"P9706","2012-07","-0.058167","-0.047864","0.003235"
"P9707","2012-07","-0.122167","-0.101020","-0.025366"
"P9710","2012-07","-0.061167","-0.049533","0.003070"
"P9709","2012-07","-0.059167","-0.047171","0.002390"
"P9712","2012-07","-0.058167","-0.047864","0.003235"
"P9713","2012-07","-0.060167","-0.050692","0.003520"
"P9714","2012-07","-0.059167","-0.047171","0.002390"
"P9715","2012-07","-0.061167","-0.049533","0.003070"
"P9705","2012-08","0.057833","0.009130","0.025372"
"P9706","2012-08","-0.026167","0.078433","-0.016376"
"P9707","2012-08","0.031833","0.102800","0.037070"
"P9710","2012-08","-0.022167","0.089709","-0.038393"
"P9709","2012-08","-0.023167","0.081327","-0.011643"
"P9712","2012-08","-0.026167","0.078433","-0.016376"
"P9713","2012-08","-0.024167","0.086353","-0.043470"
"P9714","2012-08","-0.023167","0.081327","-0.011643"
"P9715","2012-08","-0.022167","0.089709","-0.038393"
"P9705","2012-09","-0.033167","0.029842","0.000799"
"P9706","2012-09","0.017833","-0.019966","-0.013913"
"P9707","2012-09","0.020833","0.005621","0.047542"
"P9710","2012-09","0.016833","-0.022589","-0.016192"
"P9709","2012-09","0.016833","-0.024182","-0.017201"
"P9712","2012-09","0.017833","-0.019966","-0.013913"
"P9713","2012-09","0.017833","-0.018234","-0.013117"
"P9714","2012-09","0.016833","-0.024182","-0.017201"
"P9715","2012-09","0.016833","-0.022589","-0.016192"
"P9705","2012-10","-0.010167","-0.020059","-0.004678"
"P9706","2012-10","-0.009167","0.014463","0.005718"
"P9707","2012-10","0.021833","-0.011776","0.015585"
"P9710","2012-10","-0.008167","0.012355","0.005198"
"P9709","2012-10","-0.009167","0.013625","0.004795"
"P9712","2012-10","-0.009167","0.014463","0.005718"
"P9713","2012-10","-0.008167","0.013278","0.006198"
"P9714","2012-10","-0.009167","0.013625","0.004795"
"P9715","2012-10","-0.008167","0.012355","0.005198"
"P9705","2012-11","-0.124167","0.007472","0.021321"
"P9706","2012-11","-0.057167","-0.062938","0.044619"
"P9707","2012-11","0.011833","-0.074061","0.071493"
"P9710","2012-11","-0.057167","-0.063276","0.047464"
"P9709","2012-11","-0.059167","-0.062590","0.045551"
"P9712","2012-11","-0.057167","-0.062938","0.044619"
"P9713","2012-11","-0.055167","-0.063370","0.046837"
"P9714","2012-11","-0.059167","-0.062590","0.045551"
"P9715","2012-11","-0.057167","-0.063276","0.047464"
"P9705","2012-12","0.190833","0.007188","-0.013151"
"P9706","2012-12","0.147833","0.012039","0.023593"
"P9707","2012-12","0.196833","0.023090","0.035708"
"P9710","2012-12","0.149833","0.013790","0.020467"
"P9709","2012-12","0.148833","0.014095","0.024324"
"P9712","2012-12","0.147833","0.012039","0.023593"
"P9713","2012-12","0.148833","0.011919","0.019938"
"P9714","2012-12","0.148833","0.014095","0.024324"
"P9715","2012-12","0.149833","0.013790","0.020467"
"P9705","2013-01","0.064833","-0.022740","-0.020917"
"P9706","2013-01","0.051833","0.028720","0.011717"
"P9707","2013-01","0.206833","0.020454","-0.024703"
"P9710","2013-01","0.056833","0.030945","0.009684"
"P9709","2013-01","0.052833","0.030156","0.014338"
"P9712","2013-01","0.051833","0.028720","0.011717"
"P9713","2013-01","0.056833","0.029877","0.007677"
"P9714","2013-01","0.052833","0.030156","0.014338"
"P9715","2013-01","0.056833","0.030945","0.009684"
"P9705","2013-02","0.081833","-0.001393","-0.026865"
"P9706","2013-02","-0.006167","0.041712","-0.014942"
"P9707","2013-02","-0.021167","0.054321","0.015497"
"P9710","2013-02","-0.003167","0.046499","-0.008472"
"P9709","2013-02","-0.003167","0.046158","-0.010638"
"P9712","2013-02","-0.006167","0.041712","-0.014942"
"P9713","2013-02","-0.006167","0.042182","-0.012633"
"P9714","2013-02","-0.003167","0.046158","-0.010638"
"P9715","2013-02","-0.003167","0.046499","-0.008472"
"P9705","2013-03","-0.016167","-0.039125","-0.011890"
"P9706","2013-03","-0.053167","0.026586","-0.019498"
"P9707","2013-03","-0.057167","-0.001434","0.015062"
"P9710","2013-03","-0.052167","0.026095","-0.016626"
"P9709","2013-03","-0.052167","0.027829","-0.017643"
"P9712","2013-03","-0.053167","0.026586","-0.019498"
"P9713","2013-03","-0.054167","0.024838","-0.018507"
"P9714","2013-03","-0.052167","0.027829","-0.017643"
"P9715","2013-03","-0.052167","0.026095","-0.016626"
"P9705","2013-04","0.015833","-0.015395","-0.045107"
"P9706","2013-04","-0.025167","-0.010303","0.010327"
"P9707","2013-04","0.013833","0.004016","0.036778"
"P9710","2013-04","-0.022167","-0.005462","0.016726"
"P9709","2013-04","-0.024167","-0.006400","0.013860"
"P9712","2013-04","-0.025167","-0.010303","0.010327"
"P9713","2013-04","-0.024167","-0.009065","0.013402"
"P9714","2013-04","-0.024167","-0.006400","0.013860"
"P9715","2013-04","-0.022167","-0.005462","0.016726"
"P9705","2013-05","0.198833","0.025008","-0.051122"
"P9706","2013-05","0.069833","0.080224","-0.024423"
"P9707","2013-05","0.063833","0.016467","-0.043960"
"P9710","2013-05","0.073833","0.084523","-0.022631"
"P9709","2013-05","0.073833","0.086597","-0.019381"
"P9712","2013-05","0.069833","0.080224","-0.024423"
"P9713","2013-05","0.068833","0.077801","-0.027687"
"P9714","2013-05","0.073833","0.086597","-0.019381"
"P9715","2013-05","0.073833","0.084523","-0.022631"
"P9705","2013-06","-0.087167","-0.008154","-0.055824"
"P9706","2013-06","-0.133167","-0.035939","0.004204"
"P9707","2013-06","-0.119167","0.003895","0.011104"
"P9710","2013-06","-0.131167","-0.029230","0.013422"
"P9709","2013-06","-0.131167","-0.028472","0.009692"
"P9712","2013-06","-0.133167","-0.035939","0.004204"
"P9713","2013-06","-0.133167","-0.036533","0.008504"
"P9714","2013-06","-0.131167","-0.028472","0.009692"
"P9715","2013-06","-0.131167","-0.029230","0.013422"
"P9705","2013-07","0.116833","0.014358","-0.005332"
"P9706","2013-07","0.021833","0.055963","0.001768"
"P9707","2013-07","0.007833","0.003608","-0.005385"
"P9710","2013-07","0.024833","0.059354","0.003644"
"P9709","2013-07","0.025833","0.060194","0.004732"
"P9712","2013-07","0.021833","0.055963","0.001768"
"P9713","2013-07","0.020833","0.054832","0.000287"
"P9714","2013-07","0.025833","0.060194","0.004732"
"P9715","2013-07","0.024833","0.059354","0.003644"
"P9705","2013-08","0.044833","0.010534","0.020740"
"P9706","2013-08","0.048833","0.054152","-0.001066"
"P9707","2013-08","0.053833","0.036892","-0.008422"
"P9710","2013-08","0.048833","0.046954","-0.002359"
"P9709","2013-08","0.048833","0.048266","-0.000951"
"P9712","2013-08","0.048833","0.054152","-0.001066"
"P9713","2013-08","0.048833","0.052442","-0.002577"
"P9714","2013-08","0.048833","0.048266","-0.000951"
"P9715","2013-08","0.048833","0.046954","-0.002359"
"P9705","2013-09","0.135833","-0.015883","-0.043449"
"P9706","2013-09","0.037833","0.004890","0.028210"
"P9707","2013-09","0.034833","-0.034675","0.020301"
"P9710","2013-09","0.041833","0.011050","0.030496"
"P9709","2013-09","0.041833","0.012665","0.031486"
"P9712","2013-09","0.037833","0.004890","0.028210"
"P9713","2013-09","0.037833","0.003352","0.026951"
"P9714","2013-09","0.041833","0.012665","0.031486"
"P9715","2013-09","0.041833","0.011050","0.030496"
"P9705","2013-10","-0.071167","0.022866","0.020076"
"P9706","2013-10","-0.019167","-0.004966","0.021530"
"P9707","2013-10","-0.017167","0.017925","-0.007853"
"P9710","2013-10","-0.022167","-0.006375","0.017527"
"P9709","2013-10","-0.022167","-0.007876","0.018183"
"P9712","2013-10","-0.019167","-0.004966","0.021530"
"P9713","2013-10","-0.019167","-0.003498","0.020918"
"P9714","2013-10","-0.022167","-0.007876","0.018183"
"P9715","2013-10","-0.022167","-0.006375","0.017527"
"P9705","2013-11","0.142833","0.109412","0.050376"
"P9706","2013-11","0.038833","0.043165","0.000518"
"P9707","2013-11","0.045833","-0.017728","-0.034179"
"P9710","2013-11","0.043833","0.050667","0.009444"
"P9709","2013-11","0.043833","0.053271","0.010266"
"P9712","2013-11","0.038833","0.043165","0.000518"
"P9713","2013-11","0.038833","0.040328","-0.000628"
"P9714","2013-11","0.043833","0.053271","0.010266"
"P9715","2013-11","0.043833","0.050667","0.009444"
"P9705","2013-12","-0.045167","-0.007438","0.011747"
"P9706","2013-12","-0.044167","0.004088","0.005197"
"P9707","2013-12","-0.015167","0.037419","0.024201"
"P9710","2013-12","-0.043167","0.005397","0.002343"
"P9709","2013-12","-0.044167","0.003868","0.001374"
"P9712","2013-12","-0.044167","0.004088","0.005197"
"P9713","2013-12","-0.043167","0.006042","0.006293"
"P9714","2013-12","-0.044167","0.003868","0.001374"
"P9715","2013-12","-0.043167","0.005397","0.002343"
"P9705","2014-01","0.132833","-0.011848","-0.034386"
"P9706","2014-01","-0.032167","0.059487","0.014587"
"P9707","2014-01","-0.010167","0.007574","-0.002689"
"P9710","2014-01","-0.023167","0.069293","0.021978"
"P9709","2014-01","-0.023167","0.070760","0.022397"
"P9712","2014-01","-0.032167","0.059487","0.014587"
"P9713","2014-01","-0.031167","0.058228","0.014127"
"P9714","2014-01","-0.023167","0.070760","0.022397"
"P9715","2014-01","-0.023167","0.069293","0.021978"
"P9705","2014-02","-0.012167","0.043383","-0.002881"
"P9706","2014-02","0.009833","0.040610","-0.000491"
"P9707","2014-02","-0.034167","0.037546","-0.018758"
"P9710","2014-02","0.007833","0.036612","-0.005348"
"P9709","2014-02","0.008833","0.036933","-0.003760"
"P9712","2014-02","0.009833","0.040610","-0.000491"
"P9713","2014-02","0.008833","0.039768","-0.002726"
"P9714","2014-02","0.008833","0.036933","-0.003760"
"P9715","2014-02","0.007833","0.036612","-0.005348"
"P9705","2014-03","-0.089167","-0.002021","0.046489"
"P9706","2014-03","-0.021167","-0.009045","0.006411"
"P9707","2014-03","-0.023167","-0.013719","-0.001034"
"P9710","2014-03","-0.025167","-0.013894","0.001732"
"P9709","2014-03","-0.025167","-0.013547","0.002616"
"P9712","2014-03","-0.021167","-0.009045","0.006411"
"P9713","2014-03","-0.021167","-0.009685","0.005111"
"P9714","2014-03","-0.025167","-0.013547","0.002616"
"P9715","2014-03","-0.025167","-0.013894","0.001732"
"P9705","2014-04","-0.026167","-0.005582","0.033196"
"P9706","2014-04","-0.008167","-0.012076","-0.000688"
"P9707","2014-04","0.005833","-0.019176","-0.026003"
"P9710","2014-04","-0.009167","-0.013362","-0.000311"
"P9709","2014-04","-0.009167","-0.013565","-0.000116"
"P9712","2014-04","-0.008167","-0.012076","-0.000688"
"P9713","2014-04","-0.008167","-0.011860","-0.000561"
"P9714","2014-04","-0.009167","-0.013565","-0.000116"
"P9715","2014-04","-0.009167","-0.013362","-0.000311"
"P9705","2014-05","0.051833","0.043930","-0.012763"
"P9706","2014-05","0.010833","0.012361","-0.001835"
"P9707","2014-05","-0.023167","0.007828","0.001754"
"P9710","2014-05","0.011833","0.016873","0.002989"
"P9709","2014-05","0.012833","0.017948","0.002696"
"P9712","2014-05","0.010833","0.012361","-0.001835"
"P9713","2014-05","0.009833","0.011285","-0.001681"
"P9714","2014-05","0.012833","0.017948","0.002696"
"P9715","2014-05","0.011833","0.016873","0.002989"
"P9705","2014-06","0.087833","0.035964","0.019610"
"P9706","2014-06","0.020833","0.027631","-0.007069"
"P9707","2014-06","0.015833","-0.005058","0.002750"
"P9710","2014-06","0.024833","0.033150","-0.000455"
"P9709","2014-06","0.024833","0.034561","-0.001104"
"P9712","2014-06","0.020833","0.027631","-0.007069"
"P9713","2014-06","0.020833","0.026298","-0.006276"
"P9714","2014-06","0.024833","0.034561","-0.001104"
"P9715","2014-06","0.024833","0.033150","-0.000455"
"P9705","2014-07","-0.018167","0.014318","0.034682"
"P9706","2014-07","0.086833","0.002331","0.011244"
"P9707","2014-07","0.096833","-0.040634","0.038589"
"P9710","2014-07","0.080833","-0.008403","0.017312"
"P9709","2014-07","0.080833","-0.006951","0.017835"
"P9712","2014-07","0.086833","0.002331","0.011244"
"P9713","2014-07","0.086833","0.000664","0.010131"
"P9714","2014-07","0.080833","-0.006951","0.017835"
"P9715","2014-07","0.080833","-0.008403","0.017312"
"P9705","2014-08","0.069833","0.027589","0.009568"
"P9706","2014-08","0.010833","0.065008","-0.027652"
"P9707","2014-08","0.043833","0.031950","-0.012533"
"P9710","2014-08","0.015833","0.063297","-0.027593"
"P9709","2014-08","0.014833","0.064028","-0.026665"
"P9712","2014-08","0.010833","0.065008","-0.027652"
"P9713","2014-08","0.011833","0.064139","-0.029068"
"P9714","2014-08","0.014833","0.064028","-0.026665"
"P9715","2014-08","0.015833","0.063297","-0.027593"
"P9705","2014-09","0.125833","0.065653","0.051851"
"P9706","2014-09","0.070833","0.095489","-0.027060"
"P9707","2014-09","0.065833","0.082986","-0.034695"
"P9710","2014-09","0.073833","0.098577","-0.026695"
"P9709","2014-09","0.073833","0.097595","-0.023480"
"P9712","2014-09","0.070833","0.095489","-0.027060"
"P9713","2014-09","0.069833","0.096717","-0.030505"
"P9714","2014-09","0.073833","0.097595","-0.023480"
"P9715","2014-09","0.073833","0.098577","-0.026695"
"P9705","2014-10","-0.000167","0.033074","-0.020243"
"P9706","2014-10","0.020833","0.001116","0.015792"
"P9707","2014-10","-0.011167","-0.003443","-0.002892"
"P9710","2014-10","0.017833","-0.001192","0.015319"
"P9709","2014-10","0.018833","-0.000487","0.015147"
"P9712","2014-10","0.020833","0.001116","0.015792"
"P9713","2014-10","0.019833","0.000276","0.016175"
"P9714","2014-10","0.018833","-0.000487","0.015147"
"P9715","2014-10","0.017833","-0.001192","0.015319"
"P9705","2014-11","0.069042","0.047253","0.032096"
"P9706","2014-11","0.096042","-0.044361","0.047705"
"P9707","2014-11","0.045042","-0.017186","0.018332"
"P9710","2014-11","0.093042","-0.037201","0.046810"
"P9709","2014-11","0.094042","-0.038479","0.047733"
"P9712","2014-11","0.096042","-0.044361","0.047705"
"P9713","2014-11","0.095042","-0.042841","0.046168"
"P9714","2014-11","0.094042","-0.038479","0.047733"
"P9715","2014-11","0.093042","-0.037201","0.046810"
"P9705","2014-12","-0.123958","-0.054709","-0.025959"
"P9706","2014-12","0.169042","-0.224218","0.158538"
"P9707","2014-12","0.052042","-0.078976","0.025750"
"P9710","2014-12","0.148042","-0.232061","0.156138"
"P9709","2014-12","0.151042","-0.235381","0.158715"
"P9712","2014-12","0.169042","-0.224218","0.158538"
"P9713","2014-12","0.165042","-0.221002","0.155265"
"P9714","2014-12","0.151042","-0.235381","0.158715"
"P9715","2014-12","0.148042","-0.232061","0.156138"
"P9705","2015-01","0.126042","-0.033320","-0.028213"
"P9706","2015-01","0.001042","0.051666","-0.076113"
"P9707","2015-01","0.001042","0.017839","-0.052602"
"P9710","2015-01","0.007042","0.054073","-0.083003"
"P9709","2015-01","0.007042","0.054909","-0.083591"
"P9712","2015-01","0.001042","0.051666","-0.076113"
"P9713","2015-01","0.001042","0.050844","-0.075845"
"P9714","2015-01","0.007042","0.054909","-0.083591"
"P9715","2015-01","0.007042","0.054073","-0.083003"
"P9705","2015-02","0.145042","-0.017959","-0.013083"
"P9706","2015-02","0.036042","0.037966","-0.039209"
"P9707","2015-02","0.032042","0.003906","-0.012351"
"P9710","2015-02","0.042042","0.041837","-0.047256"
"P9709","2015-02","0.042042","0.042669","-0.047668"
"P9712","2015-02","0.036042","0.037966","-0.039209"
"P9713","2015-02","0.036042","0.037150","-0.038515"
"P9714","2015-02","0.042042","0.042669","-0.047668"
"P9715","2015-02","0.042042","0.041837","-0.047256"
"P9705","2015-03","0.260250","0.006382","0.095996"
"P9706","2015-03","0.142250","0.100442","-0.049039"
"P9707","2015-03","0.055250","0.023758","0.005753"
"P9710","2015-03","0.147250","0.104508","-0.046814"
"P9709","2015-03","0.149250","0.108000","-0.046677"
"P9712","2015-03","0.142250","0.100442","-0.049039"
"P9713","2015-03","0.140250","0.096376","-0.048442"
"P9714","2015-03","0.149250","0.108000","-0.046677"
"P9715","2015-03","0.147250","0.104508","-0.046814"
"P9705","2015-04","0.216250","0.040277","-0.028284"
"P9706","2015-04","0.172250","0.027535","0.001430"
"P9707","2015-04","0.312250","0.059690","-0.034340"
"P9710","2015-04","0.178250","0.026934","-0.002482"
"P9709","2015-04","0.174250","0.024685","0.001174"
"P9712","2015-04","0.172250","0.027535","0.001430"
"P9713","2015-04","0.175250","0.030659","-0.002683"
"P9714","2015-04","0.174250","0.024685","0.001174"
"P9715","2015-04","0.178250","0.026934","-0.002482"
"P9705","2015-05","0.409458","0.053516","0.093232"
"P9706","2015-05","0.069458","0.215314","-0.147306"
"P9707","2015-05","0.147458","0.264658","0.078425"
"P9710","2015-05","0.093458","0.245627","-0.141866"
"P9709","2015-05","0.092458","0.241697","-0.144775"
"P9712","2015-05","0.069458","0.215314","-0.147306"
"P9713","2015-05","0.072458","0.221147","-0.143961"
"P9714","2015-05","0.092458","0.241697","-0.144775"
"P9715","2015-05","0.093458","0.245627","-0.141866"
"P9705","2015-06","-0.222333","0.005231","-0.033621"
"P9706","2015-06","-0.079333","-0.047916","0.086770"
"P9707","2015-06","-0.111333","-0.017117","0.058578"
"P9710","2015-06","-0.092333","-0.057610","0.092241"
"P9709","2015-06","-0.091333","-0.056829","0.089433"
"P9712","2015-06","-0.079333","-0.047916","0.086770"
"P9713","2015-06","-0.080333","-0.049043","0.088751"
"P9714","2015-06","-0.091333","-0.056829","0.089433"
"P9715","2015-06","-0.092333","-0.057610","0.092241"
"P9705","2015-07","-0.153333","-0.031839","-0.027709"
"P9706","2015-07","-0.147333","-0.043383","0.039628"
"P9707","2015-07","-0.185333","0.002655","0.003192"
"P9710","2015-07","-0.149333","-0.045559","0.032171"
"P9709","2015-07","-0.148333","-0.046217","0.032251"
"P9712","2015-07","-0.147333","-0.043383","0.039628"
"P9713","2015-07","-0.148333","-0.042581","0.039323"
"P9714","2015-07","-0.148333","-0.046217","0.032251"
"P9715","2015-07","-0.149333","-0.045559","0.032171"
"P9705","2015-08","-0.247125","0.045385","-0.012436"
"P9706","2015-08","-0.147125","0.013196","-0.003976"
"P9707","2015-08","-0.172125","0.000786","-0.024749"
"P9710","2015-08","-0.155125","0.004099","0.005060"
"P9709","2015-08","-0.154125","0.003984","0.003916"
"P9712","2015-08","-0.147125","0.013196","-0.003976"
"P9713","2015-08","-0.148125","0.012616","-0.002123"
"P9714","2015-08","-0.154125","0.003984","0.003916"
"P9715","2015-08","-0.155125","0.004099","0.005060"
"P9705","2015-09","0.043875","-0.013937","-0.030310"
"P9706","2015-09","-0.055125","0.001105","-0.006950"
"P9707","2015-09","-0.004125","-0.008040","-0.043683"
"P9710","2015-09","-0.048125","0.014387","-0.017828"
"P9709","2015-09","-0.049125","0.015352","-0.017848"
"P9712","2015-09","-0.055125","0.001105","-0.006950"
"P9713","2015-09","-0.054125","0.000676","-0.007425"
"P9714","2015-09","-0.049125","0.015352","-0.017848"
"P9715","2015-09","-0.048125","0.014387","-0.017828"
"P9705","2015-10","0.236083","0.070585","-0.071283"
"P9706","2015-10","0.133083","0.102706","-0.081349"
"P9707","2015-10","0.137083","0.070222","-0.044211"
"P9710","2015-10","0.140083","0.104952","-0.083334"
"P9709","2015-10","0.140083","0.105729","-0.082476"
"P9712","2015-10","0.133083","0.102706","-0.081349"
"P9713","2015-10","0.133083","0.102260","-0.084262"
"P9714","2015-10","0.140083","0.105729","-0.082476"
"P9715","2015-10","0.140083","0.104952","-0.083334"
"P9705","2015-11","0.140083","0.046753","0.014225"
"P9706","2015-11","0.034083","0.109446","-0.028464"
"P9707","2015-11","0.062083","0.049744","-0.037825"
"P9710","2015-11","0.044083","0.110359","-0.030003"
"P9709","2015-11","0.043083","0.112478","-0.030254"
"P9712","2015-11","0.034083","0.109446","-0.028464"
"P9713","2015-11","0.035083","0.108019","-0.029279"
"P9714","2015-11","0.043083","0.112478","-0.030254"
"P9715","2015-11","0.044083","0.110359","-0.030003"
"P9705","2015-12","0.016083","0.070167","-0.009152"
"P9706","2015-12","0.033083","0.061219","-0.034689"
"P9707","2015-12","0.092083","0.049772","-0.051121"
"P9710","2015-12","0.033083","0.060350","-0.029922"
"P9709","2015-12","0.032083","0.060879","-0.030325"
"P9712","2015-12","0.033083","0.061219","-0.034689"
"P9713","2015-12","0.035083","0.060666","-0.034274"
"P9714","2015-12","0.032083","0.060879","-0.030325"
"P9715","2015-12","0.033083","0.060350","-0.029922"
"P9705","2016-01","-0.306917","-0.012112","0.002374"
"P9706","2016-01","-0.244917","-0.057098","0.046548"
"P9707","2016-01","-0.159917","-0.005983","0.014970"
"P9710","2016-01","-0.248917","-0.057778","0.048934"
"P9709","2016-01","-0.250917","-0.060063","0.048621"
"P9712","2016-01","-0.244917","-0.057098","0.046548"
"P9713","2016-01","-0.242917","-0.054274","0.046831"
"P9714","2016-01","-0.250917","-0.060063","0.048621"
"P9715","2016-01","-0.248917","-0.057778","0.048934"
"P9705","2016-02","-0.065917","-0.007396","0.030319"
"P9706","2016-02","-0.024917","0.002829","0.007223"
"P9707","2016-02","-0.038917","-0.012969","0.001579"
"P9710","2016-02","-0.028917","-0.003546","0.012809"
"P9709","2016-02","-0.028917","-0.003297","0.012720"
"P9712","2016-02","-0.024917","0.002829","0.007223"
"P9713","2016-02","-0.024917","0.002078","0.007522"
"P9715","2016-02","-0.028917","-0.003546","0.012809"
"P9714","2016-02","-0.028917","-0.003297","0.012720"
"P9705","2016-03","0.217083","-0.007749","0.028349"
"P9706","2016-03","0.133083","0.063649","-0.052632"
"P9707","2016-03","0.094083","0.006676","-0.074204"
"P9710","2016-03","0.139083","0.063272","-0.053385"
"P9709","2016-03","0.140083","0.065115","-0.053407"
"P9712","2016-03","0.133083","0.063649","-0.052632"
"P9713","2016-03","0.132083","0.061610","-0.053209"
"P9715","2016-03","0.139083","0.063272","-0.053385"
"P9714","2016-03","0.140083","0.065115","-0.053407"
"P9705","2016-04","-0.028917","0.031294","-0.028979"
"P9706","2016-04","-0.022917","0.030072","-0.001211"
"P9707","2016-04","-0.024917","-0.004231","-0.015997"
"P9710","2016-04","-0.022917","0.025809","-0.001130"
"P9709","2016-04","-0.022917","0.026494","-0.000936"
"P9712","2016-04","-0.022917","0.030072","-0.001211"
"P9713","2016-04","-0.022917","0.028767","-0.000742"
"P9715","2016-04","-0.022917","0.025809","-0.001130"
"P9714","2016-04","-0.022917","0.026494","-0.000936"
"P9705","2016-05","0.026083","-0.001397","0.036293"
"P9706","2016-05","-0.004917","-0.033055","0.003400"
"P9707","2016-05","-0.058917","-0.005602","0.015183"
"P9710","2016-05","-0.003917","-0.023509","0.006065"
"P9709","2016-05","-0.002917","-0.023787","0.005354"
"P9712","2016-05","-0.004917","-0.033055","0.003400"
"P9713","2016-05","-0.006917","-0.032294","0.003840"
"P9715","2016-05","-0.003917","-0.023509","0.006065"
"P9714","2016-05","-0.002917","-0.023787","0.005354"
"P9710","2016-06","0.027083","0.048096","-0.007787"
"P9706","2016-06","0.022083","0.036993","-0.007213"
"P9707","2016-06","0.010083","0.027110","0.004815"
"P9705","2016-06","0.077083","0.017409","0.061203"
"P9709","2016-06","0.027083","0.049007","-0.008127"
"P9712","2016-06","0.022083","0.036993","-0.007213"
"P9713","2016-06","0.022083","0.036652","-0.007690"
"P9715","2016-06","0.027083","0.048096","-0.007787"
"P9714","2016-06","0.027083","0.049007","-0.008127"
"P9707","2016-07","0.021083","-0.015327","0.078179"
"P9710","2016-07","0.009083","-0.029533","0.038874"
"P9706","2016-07","0.016083","-0.021123","0.030838"
"P9705","2016-07","-0.060917","-0.003877","0.010114"
"P9709","2016-07","0.009083","-0.030050","0.038111"
"P9712","2016-07","0.016083","-0.021123","0.030838"
"P9713","2016-07","0.017083","-0.020700","0.031807"
"P9715","2016-07","0.009083","-0.029533","0.038874"
"P9714","2016-07","0.009083","-0.030050","0.038111"
"P9706","2016-08","0.039083","0.021549","0.002371"
"P9705","2016-08","0.050083","0.019366","0.031901"
"P9710","2016-08","0.040083","0.021504","0.009114"
"P9707","2016-08","0.025083","0.006213","-0.001792"
"P9709","2016-08","0.040083","0.021860","0.009392"
"P9712","2016-08","0.039083","0.021549","0.002371"
"P9713","2016-08","0.039083","0.020918","0.002539"
"P9715","2016-08","0.040083","0.021504","0.009114"
"P9714","2016-08","0.040083","0.021860","0.009392"
"P9705","2016-09","-0.030917","0.028255","-0.010512"
"P9706","2016-09","-0.022917","0.030232","-0.007170"
"P9707","2016-09","0.002083","0.008598","0.028693"
"P9710","2016-09","-0.022917","0.022497","-0.005262"
"P9709","2016-09","-0.023917","0.023565","-0.004132"
"P9712","2016-09","-0.022917","0.030232","-0.007170"
"P9713","2016-09","-0.022917","0.029078","-0.007479"
"P9715","2016-09","-0.022917","0.022497","-0.005262"
"P9714","2016-09","-0.023917","0.023565","-0.004132"
"P9705","2016-10","0.030083","0.031960","0.001816"
"P9706","2016-10","0.029083","0.018767","0.007700"
"P9707","2016-10","-0.029917","0.014517","0.042306"
"P9710","2016-10","0.028083","0.019257","0.009899"
"P9709","2016-10","0.029083","0.019840","0.010342"
"P9712","2016-10","0.029083","0.018767","0.007700"
"P9713","2016-10","0.027083","0.017949","0.007517"
"P9715","2016-10","0.028083","0.019257","0.009899"
"P9714","2016-10","0.029083","0.019840","0.010342"
"P9705","2016-11","0.026083","0.018946","0.010255"
"P9706","2016-11","0.041083","-0.006594","0.021564"
"P9707","2016-11","0.014083","-0.013905","0.002231"
"P9710","2016-11","0.039083","-0.003310","0.020589"
"P9709","2016-11","0.040083","-0.002905","0.021236"
"P9712","2016-11","0.041083","-0.006594","0.021564"
"P9713","2016-11","0.040083","-0.006957","0.020753"
"P9715","2016-11","0.039083","-0.003310","0.020589"
"P9714","2016-11","0.040083","-0.002905","0.021236"
"P9709","2016-12","-0.054917","0.009008","0.015622"
"P9705","2016-12","-0.097917","0.021649","0.018381"
"P9706","2016-12","-0.049917","0.017399","0.002360"
"P9707","2016-12","-0.028917","0.025555","0.009308"
"P9710","2016-12","-0.053917","0.009597","0.016725"
"P9712","2016-12","-0.049917","0.017399","0.002360"
"P9713","2016-12","-0.049917","0.017811","0.003999"
"P9715","2016-12","-0.053917","0.009597","0.016725"
"P9714","2016-12","-0.054917","0.009008","0.015622"
"P9705","2017-01","-0.054917","-0.015687","-0.003705"
"P9706","2017-01","0.008083","-0.040685","0.031292"
"P9707","2017-01","-0.006917","-0.009532","0.044193"
"P9709","2017-01","0.003083","-0.043681","0.032664"
"P9710","2017-01","0.002083","-0.042766","0.033372"
"P9712","2017-01","0.008083","-0.040685","0.031292"
"P9713","2017-01","0.008083","-0.039716","0.031976"
"P9715","2017-01","0.002083","-0.042766","0.033372"
"P9714","2017-01","0.003083","-0.043681","0.032664"
"P9705","2017-02","0.041083","0.009302","-0.007387"
"P9706","2017-02","0.032083","0.019207","-0.008346"
"P9707","2017-02","0.031083","-0.006687","0.034575"
"P9709","2017-02","0.033083","0.018206","-0.008407"
"P9710","2017-02","0.033083","0.017768","-0.008644"
"P9712","2017-02","0.032083","0.019207","-0.008346"
"P9713","2017-02","0.032083","0.018804","-0.007965"
"P9715","2017-02","0.033083","0.017768","-0.008644"
"P9714","2017-02","0.033083","0.018206","-0.008407"
"P9705","2017-03","-0.010917","-0.008582","0.028002"
"P9706","2017-03","-0.006917","-0.020119","0.012179"
"P9707","2017-03","-0.012917","-0.031321","0.039619"
"P9709","2017-03","-0.007917","-0.017473","0.015535"
"P9710","2017-03","-0.007917","-0.017923","0.015607"
"P9712","2017-03","-0.006917","-0.020119","0.012179"
"P9713","2017-03","-0.006917","-0.020532","0.012966"
"P9715","2017-03","-0.007917","-0.017923","0.015607"
"P9714","2017-03","-0.007917","-0.017473","0.015535"
"P9705","2017-04","-0.052917","-0.057581","0.047915"
"P9706","2017-04","-0.024917","-0.049758","0.034772"
"P9707","2017-04","-0.003917","-0.014938","0.027742"
"P9709","2017-04","-0.026917","-0.048194","0.036303"
"P9710","2017-04","-0.026917","-0.047333","0.036078"
"P9712","2017-04","-0.024917","-0.049758","0.034772"
"P9713","2017-04","-0.024917","-0.048567","0.034728"
"P9715","2017-04","-0.026917","-0.047333","0.036078"
"P9714","2017-04","-0.026917","-0.048194","0.036303"
"P9705","2017-05","-0.067917","-0.023205","-0.001344"
"P9706","2017-05","-0.017917","-0.069838","0.060587"
"P9707","2017-05","-0.038917","-0.013826","0.029071"
"P9709","2017-05","-0.021917","-0.064576","0.052659"
"P9710","2017-05","-0.022917","-0.063529","0.053042"
"P9712","2017-05","-0.017917","-0.069838","0.060587"
"P9713","2017-05","-0.018917","-0.068392","0.060518"
"P9715","2017-05","-0.022917","-0.063529","0.053042"
"P9714","2017-05","-0.021917","-0.064576","0.052659"
"P9705","2017-06","0.024083","-0.007615","-0.005209"
"P9706","2017-06","0.038083","-0.008451","-0.017361"
"P9707","2017-06","0.056083","-0.036394","-0.003853"
"P9709","2017-06","0.037083","-0.010917","-0.015256"
"P9710","2017-06","0.037083","-0.011220","-0.015504"
"P9712","2017-06","0.038083","-0.008451","-0.017361"
"P9713","2017-06","0.039083","-0.008910","-0.017485"
"P9715","2017-06","0.037083","-0.011220","-0.015504"
"P9714","2017-06","0.037083","-0.010917","-0.015256"
"P9705","2017-07","-0.048917","-0.043126","-0.000566"
"P9706","2017-07","0.029083","-0.032713","0.031449"
"P9707","2017-07","0.020083","0.004350","0.009032"
"P9709","2017-07","0.022083","-0.040825","0.037840"
"P9710","2017-07","0.022083","-0.039482","0.037274"
"P9712","2017-07","0.029083","-0.032713","0.031449"
"P9713","2017-07","0.028083","-0.031504","0.030626"
"P9715","2017-07","0.022083","-0.039482","0.037274"
"P9714","2017-07","0.022083","-0.040825","0.037840"
"P9705","2017-08","0.073083","0.014227","-0.012363"
"P9706","2017-08","0.028083","0.002989","-0.004045"
"P9707","2017-08","-0.006917","0.009803","-0.013054"
"P9709","2017-08","0.032083","0.007520","-0.010911"
"P9710","2017-08","0.031083","0.007165","-0.010841"
"P9712","2017-08","0.028083","0.002989","-0.004045"
"P9713","2017-08","0.028083","0.002672","-0.004262"
"P9715","2017-08","0.031083","0.007165","-0.010841"
"P9714","2017-08","0.032083","0.007520","-0.010911"
"P9705","2017-09","0.031083","0.021865","-0.018049"
"P9706","2017-09","0.003083","-0.004072","-0.030267"
"P9707","2017-09","0.047083","0.000363","0.028999"
"P9709","2017-09","0.005083","0.001532","-0.033266"
"P9710","2017-09","0.006083","0.002400","-0.031061"
"P9712","2017-09","0.003083","-0.004072","-0.030267"
"P9713","2017-09","0.004083","-0.002835","-0.028352"
"P9715","2017-09","0.006083","0.002400","-0.031061"
"P9714","2017-09","0.005083","0.001532","-0.033266"
"P9705","2017-10","-0.014917","-0.012531","0.003687"
"P9706","2017-10","0.015083","-0.051749","-0.008619"
"P9707","2017-10","0.033083","-0.070340","0.031676"
"P9709","2017-10","0.012083","-0.052322","-0.003703"
"P9710","2017-10","0.013083","-0.052461","-0.004014"
"P9712","2017-10","0.015083","-0.051749","-0.008619"
"P9713","2017-10","0.015083","-0.051570","-0.007590"
"P9715","2017-10","0.013083","-0.052461","-0.004014"
"P9714","2017-10","0.012083","-0.052322","-0.003703"
"P9705","2017-11","-0.071917","-0.024863","-0.020871"
"P9706","2017-11","-0.027917","-0.052317","0.027255"
"P9707","2017-11","-0.067917","0.010588","0.019836"
"P9709","2017-11","-0.030917","-0.052091","0.025890"
"P9710","2017-11","-0.031917","-0.051252","0.025862"
"P9712","2017-11","-0.027917","-0.052317","0.027255"
"P9713","2017-11","-0.028917","-0.051219","0.026627"
"P9715","2017-11","-0.031917","-0.051252","0.025862"
"P9714","2017-11","-0.030917","-0.052091","0.025890"
"P9705","2017-12","-0.014917","-0.011908","0.014616"
"P9706","2017-12","0.001083","-0.028588","-0.003604"
"P9707","2017-12","0.025083","-0.028185","0.041134"
"P9709","2017-12","0.000083","-0.027431","-0.002608"
"P9710","2017-12","0.000083","-0.027415","-0.001954"
"P9712","2017-12","0.001083","-0.028588","-0.003604"
"P9713","2017-12","0.002083","-0.028357","-0.002346"
"P9715","2017-12","0.000083","-0.027415","-0.001954"
"P9714","2017-12","0.000083","-0.027431","-0.002608"
"P9705","2018-01","-0.050917","-0.030336","0.012540"
"P9706","2018-01","0.045083","-0.074070","0.071997"
"P9707","2018-01","0.000083","-0.052022","0.012113"
"P9709","2018-01","0.037083","-0.075019","0.070565"
"P9710","2018-01","0.036083","-0.074582","0.069990"
"P9712","2018-01","0.045083","-0.074070","0.071997"
"P9713","2018-01","0.044083","-0.073837","0.071366"
"P9715","2018-01","0.036083","-0.074582","0.069990"
"P9714","2018-01","0.037083","-0.075019","0.070565"
"P9705","2018-02","-0.013917","-0.050288","0.029236"
"P9706","2018-02","-0.061917","-0.004993","-0.012646"
"P9707","2018-02","-0.041917","-0.009302","0.021868"
"P9709","2018-02","-0.057917","-0.000485","-0.019204"
"P9710","2018-02","-0.057917","-0.001739","-0.018667"
"P9712","2018-02","-0.061917","-0.004993","-0.012646"
"P9713","2018-02","-0.060917","-0.005870","-0.011822"
"P9715","2018-02","-0.057917","-0.001739","-0.018667"
"P9714","2018-02","-0.057917","-0.000485","-0.019204"
"P9705","2018-03","0.105083","0.059733","-0.015976"
"P9706","2018-03","-0.022917","0.058171","-0.052229"
"P9707","2018-03","-0.005917","0.040554","-0.019148"
"P9709","2018-03","-0.013917","0.065599","-0.061905"
"P9710","2018-03","-0.012917","0.065019","-0.062044"
"P9712","2018-03","-0.022917","0.058171","-0.052229"
"P9713","2018-03","-0.022917","0.057599","-0.051799"
"P9715","2018-03","-0.012917","0.065019","-0.062044"
"P9714","2018-03","-0.013917","0.065599","-0.061905"
"P9705","2018-04","-0.034917","0.031328","-0.017862"
"P9706","2018-04","-0.034917","-0.007961","0.019126"
"P9707","2018-04","-0.072917","-0.008466","-0.076200"
"P9709","2018-04","-0.034917","-0.002485","0.014153"
"P9710","2018-04","-0.035917","-0.003168","0.011659"
"P9712","2018-04","-0.034917","-0.007961","0.019126"
"P9713","2018-04","-0.035917","-0.008387","0.016517"
"P9715","2018-04","-0.035917","-0.003168","0.011659"
"P9714","2018-04","-0.034917","-0.002485","0.014153"
"P9705","2018-05","-0.030917","0.026437","-0.008875"
"P9706","2018-05","0.001083","-0.016407","-0.002856"
"P9707","2018-05","-0.000917","-0.045439","-0.011659"
"P9709","2018-05","-0.001917","-0.017545","0.001365"
"P9710","2018-05","-0.001917","-0.017981","0.001348"
"P9712","2018-05","0.001083","-0.016407","-0.002856"
"P9713","2018-05","0.001083","-0.017089","-0.003271"
"P9715","2018-05","-0.001917","-0.017981","0.001348"
"P9714","2018-05","-0.001917","-0.017545","0.001365"
"P9705","2018-06","-0.085917","-0.005800","-0.012964"
"P9706","2018-06","-0.081917","-0.035198","0.035218"
"P9707","2018-06","-0.051917","-0.014853","0.019350"
"P9709","2018-06","-0.081917","-0.031998","0.028488"
"P9710","2018-06","-0.080917","-0.031322","0.029295"
"P9712","2018-06","-0.081917","-0.035198","0.035218"
"P9713","2018-06","-0.080917","-0.034207","0.035516"
"P9715","2018-06","-0.080917","-0.031322","0.029295"
"P9714","2018-06","-0.081917","-0.031998","0.028488"
"P9705","2018-07","-0.033917","0.000127","-0.009828"
"P9706","2018-07","0.014083","-0.011937","0.023152"
"P9707","2018-07","0.003083","-0.014506","-0.008713"
"P9709","2018-07","0.009083","-0.020790","0.027323"
"P9710","2018-07","0.009083","-0.021080","0.027558"
"P9712","2018-07","0.014083","-0.011937","0.023152"
"P9713","2018-07","0.013083","-0.012377","0.023659"
"P9715","2018-07","0.009083","-0.021080","0.027558"
"P9714","2018-07","0.009083","-0.020790","0.027323"
"P9705","2018-08","-0.085917","-0.009141","-0.027968"
"P9706","2018-08","-0.057917","-0.024739","0.020640"
"P9707","2018-08","-0.043917","0.022534","-0.012482"
"P9709","2018-08","-0.059917","-0.026466","0.017823"
"P9710","2018-08","-0.059917","-0.026391","0.017575"
"P9712","2018-08","-0.057917","-0.024739","0.020640"
"P9713","2018-08","-0.057917","-0.024329","0.019788"
"P9715","2018-08","-0.059917","-0.026391","0.017575"
"P9714","2018-08","-0.059917","-0.026466","0.017823"
"P9705","2018-09","-0.015917","-0.001501","-0.023881"
"P9706","2018-09","0.028083","-0.043943","0.018930"
"P9707","2018-09","-0.009917","0.002664","-0.012376"
"P9709","2018-09","0.024083","-0.043461","0.017953"
"P9710","2018-09","0.023083","-0.042403","0.017212"
"P9712","2018-09","0.028083","-0.043943","0.018930"
"P9713","2018-09","0.027083","-0.042884","0.018435"
"P9715","2018-09","0.023083","-0.042403","0.017212"
"P9714","2018-09","0.024083","-0.043461","0.017953"
"P9705","2018-10","-0.096917","0.030457","0.020845"
"P9706","2018-10","-0.081917","-0.007415","0.054675"
"P9707","2018-10","-0.099917","-0.011385","-0.025653"
"P9709","2018-10","-0.082917","-0.007378","0.054100"
"P9710","2018-10","-0.082917","-0.006723","0.052808"
"P9712","2018-10","-0.081917","-0.007415","0.054675"
"P9713","2018-10","-0.081917","-0.006720","0.053148"
"P9715","2018-10","-0.082917","-0.006723","0.052808"
"P9714","2018-10","-0.082917","-0.007378","0.054100"
"P9705","2018-11","0.048083","-0.004886","-0.004798"
"P9706","2018-11","0.000083","0.062832","-0.054175"
"P9707","2018-11","0.002083","0.013464","-0.039567"
"P9709","2018-11","0.003083","0.057227","-0.049439"
"P9710","2018-11","0.003083","0.056847","-0.049492"
"P9712","2018-11","0.000083","0.062832","-0.054175"
"P9713","2018-11","0.000083","0.062252","-0.053966"
"P9715","2018-11","0.003083","0.056847","-0.049492"
"P9714","2018-11","0.003083","0.057227","-0.049439"
"P9705","2018-12","-0.047917","0.037143","-0.002202"
"P9706","2018-12","-0.042917","0.002476","0.009347"
"P9707","2018-12","-0.031917","0.010526","0.003787"
"P9709","2018-12","-0.043917","0.004619","0.010196"
"P9710","2018-12","-0.043917","0.004621","0.009805"
"P9712","2018-12","-0.042917","0.002476","0.009347"
"P9713","2018-12","-0.042917","0.002787","0.008479"
"P9715","2018-12","-0.043917","0.004621","0.009805"
"P9714","2018-12","-0.043917","0.004619","0.010196"
"P9705","2019-01","-0.030917","-0.027035","0.006120"
"P9706","2019-01","0.035083","-0.072369","0.012264"
"P9707","2019-01","-0.003917","-0.038007","0.018997"
"P9709","2019-01","0.029083","-0.071791","0.013515"
"P9710","2019-01","0.029083","-0.070987","0.013513"
"P9712","2019-01","0.035083","-0.072369","0.012264"
"P9713","2019-01","0.034083","-0.071529","0.012252"
"P9715","2019-01","0.029083","-0.070987","0.013513"
"P9714","2019-01","0.029083","-0.071791","0.013515"
"P9705","2019-02","0.240083","0.000257","-0.033777"
"P9706","2019-02","0.149083","0.071850","-0.082421"
"P9707","2019-02","0.157083","-0.005058","-0.016722"
"P9709","2019-02","0.156083","0.075695","-0.085302"
"P9710","2019-02","0.156083","0.074616","-0.083484"
"P9712","2019-02","0.149083","0.071850","-0.082421"
"P9713","2019-02","0.149083","0.070392","-0.079939"
"P9715","2019-02","0.156083","0.074616","-0.083484"
"P9714","2019-02","0.156083","0.075695","-0.085302"
"P9705","2019-03","0.094083","-0.006783","0.006945"
"P9706","2019-03","0.058083","0.052402","-0.045243"
"P9707","2019-03","0.028083","-0.002605","-0.066609"
"P9709","2019-03","0.061083","0.048856","-0.043192"
"P9710","2019-03","0.061083","0.049498","-0.043237"
"P9712","2019-03","0.058083","0.052402","-0.045243"
"P9713","2019-03","0.058083","0.052822","-0.044782"
"P9715","2019-03","0.061083","0.049498","-0.043237"
"P9714","2019-03","0.061083","0.048856","-0.043192"
"P9705","2019-04","-0.046917","-0.015690","0.021479"
"P9706","2019-04","-0.007917","-0.037683","-0.001295"
"P9707","2019-04","-0.014917","-0.023181","-0.034975"
"P9709","2019-04","-0.010917","-0.038461","0.004895"
"P9710","2019-04","-0.010917","-0.038367","0.004043"
"P9712","2019-04","-0.007917","-0.037683","-0.001295"
"P9713","2019-04","-0.007917","-0.037706","-0.002243"
"P9715","2019-04","-0.010917","-0.038367","0.004043"
"P9714","2019-04","-0.010917","-0.038461","0.004895"
"P9705","2019-05","-0.052917","0.060472","-0.020689"
"P9706","2019-05","-0.060917","0.018505","0.012104"
"P9707","2019-05","-0.075917","-0.006805","0.017810"
"P9709","2019-05","-0.059917","0.024451","0.007693"
"P9710","2019-05","-0.060917","0.023831","0.008023"
"P9712","2019-05","-0.060917","0.018505","0.012104"
"P9713","2019-05","-0.060917","0.017982","0.012113"
"P9715","2019-05","-0.060917","0.023831","0.008023"
"P9714","2019-05","-0.059917","0.024451","0.007693"
"P9705","2019-06","0.014083","0.002968","-0.012178"
"P9706","2019-06","0.034083","-0.042116","0.001883"
"P9707","2019-06","0.024083","-0.017670","-0.049025"
"P9709","2019-06","0.032083","-0.038993","-0.001335"
"P9710","2019-06","0.032083","-0.037558","-0.002800"
"P9712","2019-06","0.034083","-0.042116","0.001883"
"P9713","2019-06","0.034083","-0.040122","0.000171"
"P9715","2019-06","0.032083","-0.037558","-0.002800"
"P9714","2019-06","0.032083","-0.038993","-0.001335"
"P9705","2019-07","0.011083","-0.023999","0.001660"
"P9706","2019-07","-0.002917","-0.023705","0.000474"
"P9707","2019-07","-0.004917","-0.032161","0.039196"
"P9709","2019-07","-0.001917","-0.021716","-0.003217"
"P9710","2019-07","-0.001917","-0.022017","-0.001794"
"P9711","2019-07","-0.000917","",""
"P9712","2019-07","-0.002917","-0.023705","0.000474"
"P9713","2019-07","-0.002917","-0.024115","0.002130"
"P9715","2019-07","-0.001917","-0.022017","-0.001794"
"P9714","2019-07","-0.001917","-0.021716","-0.003217"
"P9705","2019-08","0.027083","-0.026332","-0.000959"
"P9706","2019-08","-0.014917","-0.005900","-0.049264"
"P9707","2019-08","-0.055917","-0.027011","0.012617"
"P9709","2019-08","-0.010917","0.001223","-0.049101"
"P9710","2019-08","-0.011917","0.001328","-0.048580"
"P9711","2019-08","-0.099917","",""
"P9712","2019-08","-0.015917","-0.005900","-0.049264"
"P9713","2019-08","-0.016917","-0.006128","-0.047999"
"P9715","2019-08","-0.012917","0.001328","-0.048580"
"P9714","2019-08","-0.011917","0.001223","-0.049101"
"P9705","2019-09","0.020083","0.009863","0.001280"
"P9706","2019-09","0.005083","0.008545","0.009393"
"P9707","2019-09","0.022083","0.011670","-0.011870"
"P9709","2019-09","0.007083","0.008429","0.002342"
"P9710","2019-09","0.007083","0.008171","0.002022"
"P9711","2019-09","-0.111917","",""
"P9712","2019-09","0.004083","0.008545","0.009393"
"P9713","2019-09","0.004083","0.007826","0.009394"
"P9714","2019-09","0.005083","0.008429","0.002342"
"P9715","2019-09","0.006083","0.008171","0.002022"
"P9705","2019-10","0.012083","-0.004851","-0.039723"
"P9706","2019-10","0.011083","-0.025802","-0.003696"
"P9707","2019-10","-0.048917","0.019978","0.009578"
"P9709","2019-10","0.011083","-0.022187","-0.009613"
"P9710","2019-10","0.010083","-0.020526","-0.009585"
"P9711","2019-10","-0.110917","",""
"P9712","2019-10","0.009083","-0.025802","-0.003696"
"P9713","2019-10","0.008083","-0.024069","-0.003458"
"P9714","2019-10","0.010083","-0.022187","-0.009613"
"P9715","2019-10","0.009083","-0.020526","-0.009585"
"P9705","2019-11","-0.017917","-0.039782","0.030363"
"P9706","2019-11","-0.018917","-0.009743","-0.003273"
"P9707","2019-11","-0.045917","-0.019186","0.088231"
"P9709","2019-11","-0.018917","-0.012401","0.000539"
"P9710","2019-11","-0.018917","-0.012729","0.001731"
"P9711","2019-11","-0.053917","",""
"P9712","2019-11","-0.018917","-0.009743","-0.003273"
"P9713","2019-11","-0.019917","-0.010390","-0.001446"
"P9714","2019-11","-0.018917","-0.012401","0.000539"
"P9715","2019-11","-0.019917","-0.012729","0.001731"
"P9705","2019-12","0.090083","0.013292","-0.013495"
"P9706","2019-12","0.064083","0.009731","-0.004577"
"P9707","2019-12","0.077083","-0.022352","-0.043140"
"P9709","2019-12","0.066083","0.015422","-0.010968"
"P9710","2019-12","0.066083","0.014622","-0.012113"
"P9711","2019-12","0.119083","",""
"P9712","2019-12","0.064083","0.009731","-0.004577"
"P9713","2019-12","0.065083","0.009299","-0.006522"
"P9714","2019-12","0.067083","0.015422","-0.010968"
"P9715","2019-12","0.067083","0.014622","-0.012113"
"P9705","2020-01","0.062083","-0.026772","0.007082"
"P9706","2020-01","-0.017917","0.021601","-0.019406"
"P9707","2020-01","-0.008917","-0.001009","-0.031519"
"P9709","2020-01","-0.009917","0.027578","-0.027507"
"P9710","2020-01","-0.009917","0.027146","-0.027588"
"P9711","2020-01","0.208083","",""
"P9712","2020-01","-0.013917","0.021601","-0.019406"
"P9713","2020-01","-0.013917","0.021166","-0.019628"
"P9714","2020-01","-0.006917","0.027578","-0.027507"
"P9715","2020-01","-0.006917","0.027146","-0.027588"
"P9705","2020-02","0.058083","-0.038128","-0.007857"
"P9706","2020-02","-0.021917","0.014765","-0.024221"
"P9707","2020-02","-0.050917","-0.026724","0.020443"
"P9709","2020-02","-0.013917","0.020857","-0.035510"
"P9710","2020-02","-0.013917","0.020756","-0.034653"
"P9711","2020-02","-0.022917","",""
"P9712","2020-02","-0.021917","0.014765","-0.024221"
"P9713","2020-02","-0.021917","0.014754","-0.023459"
"P9714","2020-02","-0.013917","0.020857","-0.035510"
"P9715","2020-02","-0.013917","0.020756","-0.034653"
"P9705","2020-03","-0.083917","0.029230","0.035759"
"P9706","2020-03","-0.053917","0.025257","-0.002196"
"P9707","2020-03","-0.093917","0.032593","-0.012369"
"P9709","2020-03","-0.057917","0.015074","0.009860"
"P9710","2020-03","-0.057917","0.014923","0.008455"
"P9711","2020-03","-0.155917","",""
"P9712","2020-03","-0.056917","0.025257","-0.002196"
"P9713","2020-03","-0.056917","0.024803","-0.003361"
"P9714","2020-03","-0.059917","0.015074","0.009860"
"P9715","2020-03","-0.059917","0.014923","0.008455"
"P9705","2020-04","0.071083","-0.039780","-0.011975"
"P9706","2020-04","0.042083","-0.028075","-0.023415"
"P9707","2020-04","0.004083","-0.047936","0.032498"
"P9709","2020-04","0.045083","-0.025114","-0.027668"
"P9710","2020-04","0.045083","-0.024710","-0.028026"
"P9711","2020-04","0.113083","",""
"P9712","2020-04","0.044083","-0.028075","-0.023415"
"P9713","2020-04","0.043083","-0.027872","-0.023320"
"P9714","2020-04","0.047083","-0.025114","-0.027668"
"P9715","2020-04","0.046083","-0.024710","-0.028026"
"P9705","2020-05","0.016083","0.018602","0.011138"
"P9706","2020-05","0.000083","0.029891","-0.017382"
"P9707","2020-05","-0.038917","-0.041499","-0.020448"
"P9709","2020-05","0.001083","0.027579","-0.014769"
"P9710","2020-05","0.001083","0.026789","-0.015020"
"P9711","2020-05","0.116083","",""
"P9712","2020-05","0.003083","0.029891","-0.017382"
"P9713","2020-05","0.002083","0.028015","-0.016765"
"P9714","2020-05","0.004083","0.027579","-0.014769"
"P9715","2020-05","0.003083","0.026789","-0.015020"
"P9705","2020-06","0.143083","-0.020753","-0.023018"
"P9706","2020-06","0.062083","0.005584","-0.034919"
"P9707","2020-06","0.053083","0.000246","-0.013269"
"P9709","2020-06","0.071083","0.011537","-0.046172"
"P9710","2020-06","0.071083","0.011637","-0.045706"
"P9711","2020-06","0.137083","",""
"P9712","2020-06","0.065083","0.005584","-0.034919"
"P9713","2020-06","0.064083","0.005218","-0.033893"
"P9714","2020-06","0.073083","0.011537","-0.046172"
"P9715","2020-06","0.073083","0.011637","-0.045706"
"P9705","2020-07","0.138083","0.001380","0.013705"
"P9706","2020-07","0.123083","0.002759","-0.034506"
"P9707","2020-07","0.102083","0.061554","-0.035758"
"P9709","2020-07","0.125083","0.008946","-0.035814"
"P9710","2020-07","0.125083","0.010454","-0.037779"
"P9711","2020-07","0.037083","-0.026792","-0.008376"
"P9712","2020-07","0.119083","0.002759","-0.034506"
"P9713","2020-07","0.118083","0.004691","-0.036747"
"P9714","2020-07","0.121083","0.004323","-0.039500"
"P9715","2020-07","0.121083","0.005142","-0.042086"
"P9705","2020-08","0.007083","0.079479","0.016642"
"P9706","2020-08","0.025083","0.000656","-0.010792"
"P9707","2020-08","0.060083","-0.023324","-0.045351"
"P9709","2020-08","0.023083","0.018353","-0.011142"
"P9710","2020-08","0.023083","0.018425","-0.011990"
"P9711","2020-08","-0.112917","0.073817","0.056972"
"P9712","2020-08","0.018083","0.000656","-0.010792"
"P9713","2020-08","0.018083","0.001098","-0.011446"
"P9714","2020-08","0.016083","0.014834","-0.015044"
"P9715","2020-08","0.017083","0.015042","-0.015729"
"P9705","2020-09","-0.047917","0.028755","0.003344"
"P9706","2020-09","-0.055917","-0.035956","0.012821"
"P9707","2020-09","-0.028917","0.016386","0.045112"
"P9709","2020-09","-0.054917","-0.024434","0.005969"
"P9710","2020-09","-0.054917","-0.023515","0.007080"
"P9711","2020-09","-0.069917","0.009722","-0.012767"
"P9712","2020-09","-0.056917","-0.035956","0.012821"
"P9713","2020-09","-0.056917","-0.034344","0.013497"
"P9714","2020-09","-0.055917","-0.020228","0.011095"
"P9715","2020-09","-0.055917","-0.019415","0.011966"
"P9705","2020-10","0.041083","0.065780","-0.001634"
"P9706","2020-10","0.007083","-0.023556","-0.001609"
"P9707","2020-10","-0.009917","-0.022227","-0.018105"
"P9709","2020-10","0.012083","-0.006335","-0.011937"
"P9710","2020-10","0.011083","-0.006265","-0.015194"
"P9711","2020-10","0.025083","-0.035393","0.003784"
"P9712","2020-10","0.008083","-0.023556","-0.001609"
"P9713","2020-10","0.008083","-0.023606","-0.003901"
"P9714","2020-10","0.012083","-0.007730","-0.013466"
"P9715","2020-10","0.012083","-0.007544","-0.016605"
"P9705","2020-11","-0.013917","-0.025932","-0.002546"
"P9706","2020-11","0.052083","-0.016720","0.035299"
"P9707","2020-11","0.059083","-0.040321","0.007576"
"P9709","2020-11","0.043083","-0.033626","0.044138"
"P9710","2020-11","0.043083","-0.034263","0.044135"
"P9711","2020-11","0.001083","-0.000717","-0.012101"
"P9712","2020-11","0.049083","-0.016720","0.035299"
"P9713","2020-11","0.050083","-0.017750","0.034633"
"P9714","2020-11","0.041083","-0.036365","0.039467"
"P9715","2020-11","0.042083","-0.036745","0.039776"
"P9705","2020-12","0.065083","-0.132275","-0.053555"
"P9706","2020-12","0.015083","-0.040353","-0.060800"
"P9707","2020-12","0.022083","-0.021267","-0.035607"
"P9709","2020-12","0.021083","-0.056530","-0.057197"
"P9710","2020-12","0.021083","-0.055770","-0.056060"
"P9711","2020-12","0.012083","-0.120895","0.102747"
"P9712","2020-12","0.015083","-0.040353","-0.060800"
"P9713","2020-12","0.015083","-0.039486","-0.060598"
"P9714","2020-12","0.021083","-0.053899","-0.051459"
"P9715","2020-12","0.021083","-0.052988","-0.050214"
