date,group1,group2,group3,group4,group5,next_rf,beta1,beta2,beta3,beta4,beta5
2007-12-01,-0.04699447290640394,-0.05355689705882353,-0.06336286206896552,-0.07851108333333333,-0.09185636945812808,0.003386,0.8737118090317487,0.8844163980677715,0.9471328807062869,0.8798748765699077,1.0330915427565293
2008-01-01,0.10140335416666667,0.0858936265560166,0.08970792531120332,0.0868405625,0.04896417427385892,0.003386,0.8012737441121982,0.8093961972807402,0.8773776115684488,0.8096814466836726,0.9726051737234784
2008-02-01,-0.17815008764940238,-0.18603182936507937,-0.20130662549800796,-0.19493638095238094,-0.2015977619047619,0.003386,0.7705514362711161,0.8024653535950965,0.8637146085771428,0.7985102060212224,0.9663550079346497
2008-03-01,-0.05201019305019305,-0.05500103846153846,-0.036050474903474905,-0.05160856923076923,-0.03770969615384615,0.003386,0.8035158045190676,0.8434887257528266,0.9030816004175661,0.8640929908262371,1.0253080363008535
2008-04-01,-0.020571152671755726,-0.020268794676806083,-0.03277360836501902,-0.012123889733840303,-0.025725334600760454,0.003386,0.8060295356484075,0.8561765363642297,0.8960668088753931,0.8974999491050839,1.0200216699192628
2008-05-01,-0.23940031939163497,-0.24775786311787074,-0.24880990151515148,-0.24814165399239546,-0.2378088143939394,0.003386,0.7704110725933968,0.8170370559100489,0.8457464797627183,0.8632931673080203,0.9509323152061736
2008-06-01,0.08642944776119403,0.08638748880597015,0.0915077276119403,0.08410189925373134,0.07773964179104477,0.003386,0.8394109065306887,0.8778287158121978,0.9131203554859186,0.9395581016594652,1.0061486830230877
2008-07-01,-0.19565936764705882,-0.20607871428571428,-0.21874389338235295,-0.24425827106227105,-0.2514567142857143,0.003386,0.828771172052097,0.8773576775942652,0.9082314812446844,0.9378745521118143,1.0199053516461867
2008-08-01,-0.06551062815884476,-0.07885267870036101,-0.07389119855595667,-0.08905527075812274,-0.10548783032490974,0.003386,0.8637029598531546,0.9185183390594016,0.9592341237764909,0.9929296314586856,1.0909218799552916
2008-09-01,-0.2462778136200717,-0.2534945071428571,-0.25982430465949824,-0.2646837321428572,-0.27687874285714287,0.003386,0.8694930995892591,0.9198170622456115,0.9582774808177883,0.9973298421399752,1.1291568189799301
2008-10-01,0.18303082978723403,0.19700940425531915,0.18915470921985816,0.20300901418439715,0.195839390070922,0.002952,0.8819848095343122,0.9531960915900691,0.9754341450114341,1.017877693577608,1.1536636202667743
2008-11-01,0.05347893309859155,0.054161877192982454,0.06838279649122807,0.05638325964912281,0.07581196830985915,0.002076,0.9207802363528396,1.0013191506853036,1.0214795844997027,1.0657716972777367,1.2178262361895842
2008-12-01,0.1362251660899654,0.15406571280276818,0.14375777586206895,0.17551648096885814,0.18378745172413793,0.0018559999999999,1.0610746796002348,1.143974551747732,1.1405852513883619,1.245048317200545,1.383405594403898
2009-01-01,0.09211340206185567,0.07910071134020619,0.09248255326460482,0.09283792096219931,0.09587801718213058,0.0018559999999999,1.0483836894389407,1.094161331484991,1.145771613547268,1.2117924853700626,1.3505718064693397
2009-02-01,0.2002815,0.2142335254237288,0.21959306101694917,0.2180544305084746,0.25307977966101697,0.0018559999999999,1.0328374264838638,1.083003046406387,1.137432183047185,1.1966689779164363,1.3305947735837576
2009-03-01,0.08398772635135135,0.07451386195286196,0.06713715540540541,0.06974053198653199,0.041552134680134675,0.0018559999999999,1.0314622490962373,1.0798679634153348,1.1266088267582164,1.2113675856764425,1.3249840140252052
2009-04-01,0.0766664949832776,0.07614436912751678,0.0759706744966443,0.0887752474916388,0.08223944481605351,0.0018559999999999,0.9912801648404519,1.0317646034736008,1.0933916059560285,1.145484870951715,1.22116369343397
2009-05-01,0.0845951711409396,0.07826661744966443,0.0796820100671141,0.052884510067114095,0.09817920134228188,0.0018559999999999,1.0040098299587195,1.0216613509703891,1.0963170220208487,1.1325741962027214,1.2118904453676986
2009-06-01,0.13209015666666665,0.1493225566666667,0.15346078666666665,0.14012138333333332,0.15905481999999999,0.0018559999999999,0.9399877084082702,0.9726151289522372,1.0292400393442116,1.0639739177666812,1.1717597193846259
2009-07-01,-0.14883419333333334,-0.14217486710963456,-0.15835102325581396,-0.15334622,-0.18075551495016612,0.0018559999999999,0.8790029434896093,0.9551380090587123,1.0039284828245605,1.0361858293792658,1.1568864043103009
2009-08-01,0.04378016447368421,0.050675986885245904,0.033966131578947366,0.036906144262295076,0.028917039344262294,0.0018559999999999,0.9040366873398111,0.960855585966508,1.015533709298656,1.0460588597784066,1.1106638403897344
2009-09-01,0.10730761237785018,0.12025262662337663,0.11325455194805195,0.11876027922077922,0.12655463636363637,0.0018559999999999,0.9195909223239371,0.9850063813881587,1.015825719371159,1.0550924710107354,1.0706070314696101
2009-10-01,0.17266439805825243,0.16230447249190938,0.15151183495145631,0.137497715210356,0.1310012258064516,0.0018559999999999,0.9741985954986843,1.0278086431439006,1.0611113616326628,1.0948547369075279,1.0987679003273552
2009-11-01,0.038461477564102564,0.03773187220447285,0.016304958333333334,0.015707869009584666,0.01465632587859425,0.0018559999999999,1.007209686893906,1.0534083922549233,1.0918944053884478,1.101832680247158,1.125577485903654
2009-12-01,-0.012765591772151896,-0.024280529968454256,-0.03729709554140127,-0.03480247949526814,-0.04736726813880126,0.0018559999999999,0.9840987995907342,1.0280386815183742,1.0589456286342505,1.0844038464103885,1.093544025706566
2010-01-01,0.06844042721518988,0.058838015772870664,0.0594619022082019,0.0707733785488959,0.057317097791798104,0.0018559999999999,0.9995530877242853,1.0520498198479558,1.0888507030733066,1.1110942538511719,1.1531632813662567
2010-02-01,0.038941221875,0.03362967289719626,0.035183628125,0.03525749529780565,0.03770701875,0.0018559999999999,1.006211370752345,1.0569313011394428,1.0856681079055308,1.103974168350521,1.1597381372379316
2010-03-01,-0.06876345,-0.062633928125,-0.057970062499999996,-0.07215039375,-0.07149842990654205,0.0018559999999999,1.0106869904936504,1.0446584580567437,1.076741274592882,1.1110128127085384,1.1830384550717254
2010-04-01,-0.10080787499999999,-0.09860001874999999,-0.0753376386292835,-0.086259725,-0.07676911838006231,0.0018559999999999,1.0547922173265976,1.076783546051271,1.0760565104615134,1.1636532759795946,1.1961107303662528
2010-05-01,-0.08501998136645962,-0.07859081424148608,-0.08836492569659443,-0.09501290712074303,-0.0961389226006192,0.0018559999999999,1.0659675316344568,1.0873769010329593,1.0791399020953814,1.1773937214296224,1.210975050361596
2010-06-01,0.15087615692307693,0.15231264,0.15765527692307693,0.16084436307692307,0.1679281323076923,0.0018559999999999,1.0435880751633628,1.060201400256668,1.0620717391902437,1.1471178052355997,1.2073454961791552
2010-07-01,0.08003513538461539,0.09011040490797546,0.09462964615384616,0.0979546226993865,0.10719015950920247,0.0018559999999999,1.0437750131163082,1.075585083189779,1.0722172567955108,1.1469919089121206,1.195809886356956
2010-08-01,0.008881141538461538,0.02425758153846154,0.023714163076923075,0.019822569230769232,0.0247305981595092,0.0018559999999999,1.0015479296171934,1.0094059273541667,1.0313298788708365,1.0889156362313654,1.1238494937796353
2010-09-01,0.08330261467889907,0.08635678963414634,0.09215598470948012,0.1038538018292683,0.10325732926829267,0.0018559999999999,0.9811125218768331,1.016390025332616,1.0117649610771406,1.0711523852099532,1.0991039695961469
2010-10-01,-0.00333978527607362,0.0197324263803681,-0.0005063088685015293,-0.00690029754601227,-0.008337764525993885,0.0020599999999999,0.9110549147891198,0.9148590987046957,0.9436097653682283,0.9884465776375063,1.0374188140477434
2010-11-01,-0.019206556574923546,-0.01846891743119266,-0.015428770642201835,-0.014838834862385322,-0.018764618902439023,0.0020599999999999,0.8985073309419176,0.8886682425185781,0.9117264821672362,0.9347451812181574,1.0033762707729306
2010-12-01,-0.007569204268292682,-0.028479628048780486,-0.05020848780487805,-0.05128138719512196,-0.05700216463414634,0.002263,0.9252000984107133,0.8987742207312068,0.9158603691877252,0.9870974941883783,1.0440988199822119
2011-01-01,0.08535899082568807,0.09700601829268292,0.0942203119266055,0.10347455792682927,0.11291573780487804,0.002263,0.9112165349297446,0.8910808883703676,0.9265397856710929,0.9751037439955257,1.0914663483894311
2011-02-01,0.011310478527607361,0.003091545731707317,0.002352756097560976,-0.00784290519877676,0.0016082957317073165,0.002466,0.9186743403640365,0.9044189293909588,0.9140352966662717,0.984162681705906,1.077779246629075
2011-03-01,-0.009449555214723926,-0.014606984709480122,-0.029259825153374233,-0.031622094801223244,-0.0446205871559633,0.002466,0.893072446306096,0.8576959940761687,0.8746902673931634,0.9166154935694251,1.013849774219076
2011-04-01,-0.05161586503067484,-0.07418377675840979,-0.0699489846625767,-0.06846913455657491,-0.07946118042813456,0.002669,0.8848865938110184,0.8509903653745288,0.9110726427019662,0.9223790277313483,1.0062719611788817
2011-05-01,0.006589498461538461,0.02554021472392638,0.03273649693251534,0.043458742331288346,0.05129516257668711,0.002669,0.8964540913763744,0.8650100515256578,0.935653641641234,0.9170766923180108,1.043214775905711
2011-06-01,0.0014828496932515337,0.017486458715596332,0.015406177370030581,0.019478318042813456,0.010830470948012233,0.002669,0.9598997515206654,0.9338979125757676,0.9946994297717597,0.9864042814299219,1.0578255584125742
2011-07-01,-0.0423706493902439,-0.03481749544072948,-0.03784232218844985,-0.04194462006079028,-0.041367981762917935,0.002871,0.9976094024614108,0.9639164651702979,1.0116123659978458,1.0005307016616776,1.0801061611989937
2011-08-01,-0.08928618126888217,-0.10866803021148037,-0.11946442296072507,-0.1281015481927711,-0.13339810542168673,0.002871,1.0627635726493945,1.0922940630028384,1.1407999062664895,1.1015827094447965,1.226040712883407
2011-09-01,0.041963583832335324,0.024231002994011975,0.02644275820895522,0.04344169461077844,0.0389666328358209,0.002871,1.0656505059151717,1.1291197464824783,1.1897519885511207,1.1764877559217441,1.2772826294391026
2011-10-01,-0.05569176764705882,-0.05458063529411765,-0.04061288563049853,-0.048569691176470586,-0.043134782991202346,0.002871,1.0580990382909703,1.0970741208635468,1.1278997085842333,1.15730401994756,1.2417675541644289
2011-11-01,-0.11801786217008797,-0.14910816374269006,-0.15105377485380117,-0.1486910730994152,-0.18087370467836256,0.002871,1.0078758600327007,1.0485613996957313,1.0425022325123503,1.1149848329229912,1.1887579352126456
2011-12-01,0.022143344827586207,0.012301462643678162,0.014839801724137932,0.014674255747126436,0.024526200573065905,0.002871,1.0590531111842618,1.1266575159288823,1.1307997697246752,1.1615882601265826,1.2743687166006603
2012-01-01,0.10014386723163843,0.12139165915492958,0.12510978813559323,0.13750647323943663,0.15114981126760563,0.002871,1.1154731144886325,1.167655854809627,1.1369077989499232,1.1883226255483863,1.3227448758845242
2012-02-01,-0.05587124022346369,-0.06408410277777778,-0.06449262116991643,-0.07554571944444445,-0.08765463788300835,0.002871,1.1292355813640222,1.1819782977529432,1.1465709159747963,1.2284270078256987,1.3500713129786517
2012-03-01,0.09778358196721312,0.08055257923497268,0.07352204109589042,0.07814622404371584,0.0663980655737705,0.002871,1.1186537169688666,1.1577860301138612,1.1575092346931986,1.20927899565991,1.3633665783776423
2012-04-01,0.0068697169811320746,0.014304948787061995,0.015592938005390836,0.01660364959568733,0.02856342587601078,0.002871,1.116076211211114,1.1723941281130905,1.1853512984641879,1.2492269823069702,1.36933726699982
2012-05-01,-0.05915527127659574,-0.057686633952254644,-0.06212050928381963,-0.070282474801061,-0.07634271352785146,0.002871,1.1048897536507307,1.1868683119877788,1.222303058786552,1.2596348751346933,1.3885577632658497
2012-06-01,-0.088353453125,-0.08177450520833333,-0.09605202343750001,-0.10170684895833333,-0.100187984375,0.002669,1.1077858047351063,1.1943283569353045,1.2268634561605412,1.255851840269808,1.3929154403121942
2012-07-01,0.00679178149100257,0.016287466666666667,0.026872835897435898,0.026767302564102563,0.025352846153846156,0.002466,1.0981668717114472,1.1780954339949044,1.2229487917348796,1.2763733699918118,1.4210968438263367
2012-08-01,0.008300663291139241,0.016822179292929295,0.013692493670886076,0.01976401767676768,0.020351247474747473,0.002466,1.0897839775747227,1.1470123943760817,1.2098658260710562,1.1944725319990952,1.3675130253835945
2012-09-01,0.0036033825,0.0037051175,0.007873982543640898,0.0027695925000000006,-0.002878428927680798,0.002466,1.1003261934573978,1.152940083954969,1.188865235605527,1.2007802642156882,1.3406794980435346
2012-10-01,-0.07453540841584158,-0.10314828888888888,-0.11135937037037036,-0.11397755802469135,-0.11675824691358025,0.002466,1.242260538445672,1.314447686398813,1.3308299791868774,1.3319014241731773,1.5223953051562926
2012-11-01,0.14179614355231143,0.1578724951456311,0.16129854878048783,0.1748396723300971,0.17699766262135921,0.002466,1.2495953943112619,1.3944218572902312,1.3961751857179632,1.414023351870609,1.6102070786118965
2012-12-01,0.06851078229665071,0.07560851674641149,0.08018084486873508,0.07752417942583732,0.07105207159904534,0.002466,1.152145878403098,1.275148215139018,1.2926514175465071,1.3154613391374097,1.4137716614344429
2013-01-01,0.022138677725118485,0.030636382978723405,0.037720886524822694,0.04353885579196218,0.029003309692671394,0.002466,1.1407266782570042,1.2563726461143445,1.3011595655449022,1.29377484327475,1.4328546931262411
2013-02-01,-0.03165409324009324,-0.03162517715617716,-0.03784649417249417,-0.031634920745920746,-0.030282432558139533,0.002466,1.1399274318868027,1.223268583344432,1.2926778854383754,1.257130611760457,1.406873069410922
2013-03-01,-0.03401814712643678,-0.028818472477064223,-0.0264345,-0.030435688073394494,-0.028521678160919543,0.002466,1.1284687621786658,1.2201561605215714,1.2544686576745216,1.2599778059112379,1.3627324793652629
2013-04-01,0.1055945603644647,0.1344381568181818,0.13519470909090908,0.14880963863636365,0.15349548181818182,0.002466,1.1466853251118905,1.2045763494979238,1.2467941480383473,1.253820478208986,1.3652671676250134
2013-05-01,-0.15089248764044946,-0.14643842825112108,-0.15736786741573033,-0.15350634529147983,-0.14699552466367716,0.002466,1.1583618408584795,1.242343629296577,1.2963686061137816,1.3158492236987236,1.4031788820581341
2013-06-01,0.04463203355704698,0.06764832662192394,0.07594338789237667,0.05875191275167785,0.08519703131991051,0.002466,1.1794556884314378,1.245401911077762,1.2868357383794575,1.3073709778202633,1.3666161191974515
2013-07-01,0.12372695575221239,0.08507639293598233,0.09012451662971176,0.06869056953642384,0.0758592582781457,0.002466,1.1923021600696089,1.2548372757621715,1.3216956419261865,1.3090669814169373,1.3813835761834499
2013-08-01,0.05023742013129103,0.05235368052516411,0.049807229257641916,0.06225559299781182,0.05509254485776805,0.002466,1.2236190426315576,1.2774481953255492,1.3340428576587609,1.3430784566642944,1.4083412091675611
2013-09-01,-0.00326618954248366,-0.011068702173913043,-0.024709657952069718,-0.025482152173913045,-0.05413105217391304,0.002466,1.2210097685826207,1.2754252004001876,1.3160404188363848,1.3177422552960132,1.4164048474155062
2013-10-01,0.06766503232758621,0.08861008836206898,0.07156824137931035,0.08710406896551724,0.0778459569892473,0.002466,1.2416128622323352,1.2844939939659834,1.3217698981511345,1.3404308992451333,1.413034433144308
2013-11-01,-0.017001372591006425,-0.020554615384615383,-0.025452017130620983,-0.03567827991452991,-0.03973226923076924,0.002466,1.2567409770623499,1.3024351944965171,1.3575852690744705,1.3498150678263845,1.4372720823928358
2013-12-01,-0.015371668085106384,0.010577640425531915,0.0032491,0.04232279148936171,0.058648462845010615,0.002466,1.2087469789708272,1.230892596242419,1.2940407666139355,1.2857819408463516,1.3565174942519
2014-01-01,0.03792429361702128,0.03799456263269639,0.03722848936170212,0.04193298089171974,0.023319592356687898,0.002466,1.2061943767450796,1.2383548831579576,1.2924414090237923,1.297243881014008,1.356992260782003
2014-02-01,0.0073312388059701495,-0.002840230277185501,-0.012617121535181238,-0.030678763326226013,-0.06190620638297872,0.002466,1.1931048867097624,1.215446318768393,1.273439750774978,1.2768987935351208,1.3109769336815742
2014-03-01,-0.005033607594936709,-0.0065227742616033755,-0.008767825263157893,-0.006030696202531646,-0.028308747368421053,0.002466,1.1793098026365652,1.2227269385729338,1.2640188586527354,1.2855885128201636,1.3350006514350454
2014-04-01,0.029315684322033898,0.021264580508474577,0.024276783898305083,0.062139399150743097,0.047427959830866805,0.002466,1.1862819521214099,1.2236004890688559,1.2686680557552505,1.3035166530318665,1.3750614560746939
2014-05-01,0.04148646908315565,0.04789665458422175,0.04434865884861407,0.05376162046908316,0.07026287206823029,0.002466,1.1881286393242245,1.226703639192917,1.2761757373805591,1.2839539436466658,1.3891086442620804
2014-06-01,0.10995884842105262,0.10651224631578947,0.0885604537815126,0.0756376582278481,0.04376299578947369,0.002466,1.1638866114715252,1.219603620041485,1.2965711763982695,1.2629182529790528,1.3989159548518435
2014-07-01,0.04910768684759916,0.06292692693110648,0.0607110375782881,0.0693838121085595,0.06796356158663884,0.002466,1.1420815362080203,1.1832309105259342,1.2210612393534137,1.205162517305394,1.2541500967659083
2014-08-01,0.1551586639004149,0.14024446473029045,0.14205092531120334,0.13129903941908713,0.12369898964803312,0.002466,1.162964040307121,1.2015982423824207,1.2370133379775026,1.223995909548078,1.286867008841456
2014-09-01,0.03636944147843943,0.030868308008213552,0.020460723360655738,0.017461624229979468,0.0008782561475409839,0.002466,1.2071066525124796,1.2580366648574093,1.2589230106533449,1.260442995917881,1.304632552821674
2014-10-01,0.08668290625000001,0.06631491458333333,0.05083408333333333,0.05306097916666667,0.04972687916666666,0.002466,1.2067745769349958,1.2678941151469645,1.239584641183564,1.2636018160317888,1.3029006353141859
2014-11-01,0.05659534791666666,0.0019442203742203743,-0.036736825363825366,-0.0249746632016632,-0.08243355509355509,0.002263,1.1269011756068203,1.1511316638526057,1.124847722184429,1.1082901734176889,1.1602063952560067
2014-12-01,0.03499727835051546,0.0632141381443299,0.09874345360824742,0.1080143450413223,0.13213294444444446,0.002263,0.9361454097776929,0.8526562764961072,0.7606504547672366,0.736534396050335,0.7228954739323046
2015-01-01,0.06160396887966805,0.07658539626556017,0.09168589834024896,0.09512876348547718,0.13922266045548654,0.002263,0.9221280372090956,0.8660874493004067,0.7379529274753097,0.7114000013508788,0.6879588495430162
2015-02-01,0.2051288417721519,0.2211458505263158,0.23666038315789473,0.22783859368421053,0.2680180315789474,0.0020599999999999,0.9322545460853052,0.8756542869575448,0.779540183649692,0.713693210044376,0.7277741911926674
2015-03-01,0.2112674446764092,0.19671987682672232,0.18499728810020877,0.17853359916492695,0.1587768246346555,0.0020599999999999,0.9915367709438974,0.9784691527934747,0.9023970273953299,0.8535365692158846,0.9191052448403604
2015-04-01,0.18529654791666667,0.19488050208333335,0.222849325,0.25556898541666667,0.29200332776617954,0.0020599999999999,0.9610648870290598,0.929009963194295,0.9107245210689516,0.886627584787901,0.953970741859128
2015-05-01,-0.04033049471458774,-0.09000628059071729,-0.10860951265822784,-0.13001022362869197,-0.1723520021141649,0.0018559999999999,0.9852692163002712,0.9554148724542681,0.9603755508695664,0.9668500519239631,1.116806126179305
2015-06-01,-0.1841593782051282,-0.17992163247863247,-0.2096560705128205,-0.21127395085470085,-0.1950480299145299,0.001652,0.8795508008437763,0.9053767762210578,0.8839439206096374,0.9257674274104964,1.1506201681545023
2015-07-01,-0.10435218141592921,-0.12252282705099779,-0.11444584988962472,-0.12127193362831859,-0.13701975,0.001652,0.9788790336823022,1.0014164003999069,1.0338481712743706,1.037834083678274,1.2505473038317378
2015-08-01,-0.04224576696832579,-0.022953907449209932,-0.03149501809954751,-0.026341945823927765,0.01422841309255079,0.001447,0.9571926966668143,0.9945509604933559,1.0301026404105458,1.0106778463316806,1.2238378595387416
2015-09-01,0.18861612415349888,0.22480701805869077,0.2374607155756208,0.24534744243792325,0.28820830855855856,0.001447,0.9646466828220736,0.9963163956855557,1.030666843701312,1.0527907906022056,1.2115124953549987
2015-10-01,0.06864329646017699,0.08237489380530974,0.09243950442477877,0.11508397123893806,0.11666580487804878,0.001241,0.9837360511710554,1.0348911326043153,1.069402085255899,1.083632057535898,1.2480055323109558
2015-11-01,0.09608861158798283,0.08426510729613733,0.0688865374732334,0.06325598283261803,0.04139700429184549,0.001241,0.9765603335101052,1.0241323178964095,1.0781862298134,1.0754716228547907,1.2482644363913968
2015-12-01,-0.2582502552301255,-0.2804234518828452,-0.29506030543933054,-0.3133456137787056,-0.315670375782881,0.001241,0.9749156200373567,1.0149269865302077,1.0723006541716913,1.084438705241382,1.2405140607387324
2016-01-01,-0.009797072314049587,-0.012953824380165289,-0.017445692148760333,-0.014009851239669422,-0.01739546694214876,0.001241,0.9951500557680246,1.0655979881389883,1.1373120993791903,1.1478086185076923,1.3086176541364494
2016-02-01,0.16203705590062112,0.18108707039337477,0.1993470082815735,0.20077633333333333,0.21011970041322314,0.001241,0.9833691294432854,1.0657662824933583,1.139089596896529,1.1617365219525717,1.3110746878860389
2016-03-01,0.002242847736625514,0.010020156057494867,-0.001631069958847737,0.0005948316221765913,-0.025459739219712525,0.001241,0.993627654129368,1.0751204717881522,1.1443553757890421,1.1579200020786315,1.300090998086397
2016-04-01,-0.01078187784679089,-0.017993385093167703,-0.014312399585921325,-0.026849888198757763,-0.025317611570247932,0.001241,0.9887209933781267,1.0606006735337288,1.1431420565069477,1.1575292125557832,1.304211218702859
2016-05-01,0.044357231250000004,0.04935710625,0.06068055509355509,0.06195015448851774,0.06220156133056133,0.001241,0.9880179730771238,1.0632481456294198,1.1437978861787275,1.1566256856140171,1.3182309501274765
2016-06-01,0.02981563070539419,0.018513284232365146,-0.006257948132780083,-0.012305684647302903,-0.03026715145228216,0.001241,0.9826276894630916,1.063942250143698,1.1435311445976393,1.1561871808441553,1.3202073820589684
2016-07-01,0.04841017142857143,0.04953358979591837,0.05439589387755102,0.04951682857142857,0.042617221995926685,0.001241,0.99097220243195,1.067824327257381,1.1529469314937302,1.1687280662042783,1.3503390363171843
2016-08-01,0.004440777327935223,-0.005141474747474748,-0.003500113360323886,-0.004527137373737374,-0.01466709090909091,0.001241,0.9935547655762756,1.070245007174366,1.144730371994043,1.1753446408884987,1.3522804166525992
2016-09-01,0.024019815631262525,0.031595076152304606,0.03670150701402806,0.030626623246492988,0.03446058116232465,0.001241,0.9835107938942486,1.067995970912165,1.1381281302023631,1.1595256628531323,1.3465529099940077
2016-10-01,0.034259123752495006,0.02856031137724551,0.030968992015968064,0.01959284231536926,0.017176832,0.001241,0.9813933948601881,1.0688017196226327,1.132162440450895,1.1679492215299028,1.3349275452525682
2016-11-01,-0.023286621301775147,-0.03573271062992126,-0.03897213609467456,-0.052646582677165356,-0.0631346594488189,0.001241,0.9943653744003508,1.0985676044049018,1.1401128954546849,1.1769009932163932,1.3624066068921705
2016-12-01,0.0014361607843137259,-0.01165476274509804,-0.020436299412915852,-0.03483535952848723,-0.044909234833659495,0.001241,1.0570846691406195,1.2069394041450658,1.2774348416206964,1.3498063383807168,1.5159535169879994
2017-01-01,0.042492384765625,0.03484527734375,0.0383230390625,0.033574865234375,0.0345745730994152,0.001241,1.0577229328972844,1.2104555996905888,1.27682746331481,1.3530182037487561,1.5236915376763154
2017-02-01,-0.013200675146771037,-0.020320477495107632,-0.019317356164383563,-0.0312832915851272,-0.0318654296875,0.001241,1.062450814062152,1.218956456602411,1.2821460666784765,1.3436974446281198,1.5161136970482036
2017-03-01,-0.020772523255813954,-0.04201361315280464,-0.06163421511627907,-0.06988846421663443,-0.0784992746615087,0.001241,1.0687677555421689,1.226574565980517,1.2710992273415613,1.3268463377676873,1.4829367638123765
2017-04-01,-0.04470063915547025,-0.06889872552783109,-0.07219325143953935,-0.08139576391554702,-0.08245092514395394,0.001241,1.1221786572296584,1.2891389835594347,1.3726705611846821,1.3923586501817429,1.574664643687146
2017-05-01,0.043399883365200766,0.04390309942638624,0.04588030534351145,0.04136653919694072,0.04703093893129771,0.001241,1.103860622808124,1.2580182680865968,1.2836293871437447,1.2961174315500021,1.2838882214262166
2017-06-01,0.018582567107750473,0.024252727788279773,0.014836211320754718,0.0026558657844990546,-0.005766981132075472,0.001241,1.1066787400921816,1.2428992443719475,1.2832620524924327,1.2880998748066883,1.2654106463724895
2017-07-01,0.019104361423220976,0.028398837078651686,0.029296132710280375,0.03410270224719101,0.0364258127340824,0.001241,1.0885820703150266,1.239372758146129,1.2738686441845644,1.2935526801471868,1.3144007468444496
2017-08-01,0.010219106741573034,0.02337756261682243,0.01816298317757009,0.00989578691588785,0.012659421348314607,0.001241,1.1134267644760376,1.2651010614664764,1.3065241211773468,1.3498895238473667,1.4446421304991202
2017-09-01,-0.004170918968692449,-0.013916507352941176,-0.028133376838235292,-0.0323374669117647,-0.03360457169117647,0.001241,1.1285767862977032,1.247343734317998,1.3249813066202534,1.366089156383484,1.4640944450625242
2017-10-01,-0.05417764522058824,-0.06176516330275229,-0.06320134862385321,-0.06586854495412843,-0.07116632293577982,0.001241,1.096812418824789,1.1864206589107817,1.2507356742162719,1.3024974529089222,1.3896788539141363
2017-11-01,-0.0119299799270073,-0.00950988686131387,-0.022005826642335767,-0.020542587591240873,-0.023746879562043795,0.001241,1.1111939703440508,1.1894373756473509,1.2397015994005873,1.2870994210120883,1.2744161136409375
2017-12-01,-0.003918134790528233,-0.02295240363636364,-0.029346639344262297,-0.030830520947176684,-0.0443983,0.001241,1.1173120228789075,1.1835273611177977,1.2234056451943893,1.2646617369781346,1.164281046027064
2018-01-01,-0.05614713611615245,-0.0447928166969147,-0.04451851724137931,-0.05102421052631579,-0.04262352450090744,0.001241,1.1557073372400972,1.255708593575851,1.2327053898779567,1.318860699197416,1.273601428178955
2018-02-01,0.0297234598540146,0.03449888686131387,0.0363721003649635,0.028076806569343065,0.03847218464351005,0.001241,1.1063543461018646,1.1729437217556633,1.2185793515971173,1.285277234763595,1.2797493948346736
2018-03-01,-0.03321533944954128,-0.035084181318681316,-0.04062940293040293,-0.054880822344322344,-0.061367163003663,0.001241,0.9365431645191968,0.9209019230856021,0.9194452913376043,0.9602535914847108,0.9962422460892875
2018-04-01,0.0015526873857404028,-0.013508409506398537,-0.010067470802919708,-0.030285456880733943,-0.045280919708029194,0.001241,0.9257272492688151,0.9529625295242268,0.9378877224622262,0.9992110604232253,1.1573200624847564
2018-05-01,-0.10303739964157706,-0.11642195698924732,-0.1040888817204301,-0.11481648924731182,-0.1093178100358423,0.001241,0.9288864105237995,0.9480691951305118,0.9652369713093613,1.0168333013599065,1.192899173146724
2018-06-01,0.02444433274021352,0.004163873665480427,-0.0010926298932384343,0.005431581850533808,0.0007651065719360569,0.001241,0.9679008126506783,0.9782925583591278,0.9876701523930058,1.0748599158144585,1.1472853076731142
2018-07-01,-0.05391982010582011,-0.06494873721340387,-0.0756977619047619,-0.07932308818342151,-0.09402679787234043,0.001241,0.9681034578683916,0.9925292431507794,0.9906463836937636,1.0860655020387597,1.1897571569970686
2018-08-01,0.008180074137931035,0.0020224672413793102,-0.006179641379310345,-0.0011186482758620694,0.004409779310344827,0.001241,0.9286553477853289,0.9755544249568672,0.9777779174568504,1.0900118139100932,1.1013562491161824
2018-09-01,-0.07952773299319728,-0.0953954142614601,-0.10285177758913414,-0.10174050084889644,-0.1018134974533107,0.001241,0.9328464918391708,0.983733425177926,0.9964254840660975,1.067384009872464,1.1647066270372313
2018-10-01,0.05785843216080402,0.06115360804020101,0.06684186097152428,0.05581457118927974,0.062593881270903,0.001241,0.8963860644861412,0.9833567223571682,0.9843892563762648,1.0507131416842057,1.1121807832511836
2018-11-01,-0.036503023026315785,-0.043599503289473686,-0.04410497865353038,-0.04633730921052631,-0.05061563875205254,0.001241,0.9202772396490461,1.016112126063606,1.025529439756046,1.0623106025281837,1.0179476292963887
2018-12-01,0.005892249190938511,-0.004736108414239482,-0.009077172580645162,-0.027284016181229775,-0.05007875928917609,0.001241,0.9189978860948119,1.0234871497576836,1.0135389474031857,1.0581997938955203,1.1403423050767374
2019-01-01,0.186373653418124,0.20460372655007947,0.21654429729729732,0.24147167249602544,0.2632385643879173,0.001241,0.9144301271318924,0.9877781483493492,0.9942844062529237,1.022032417092944,1.0920912777858756
2019-02-01,0.08778344724409448,0.10755748113207547,0.10914348818897639,0.11645459119496854,0.11006328773584907,0.001241,1.045952159875768,1.153691376895035,1.176472363219577,1.2602290507040164,1.3717091329757285
2019-03-01,-0.019047858914728683,-0.024493404024767802,-0.03305659069767442,-0.03966466253869969,-0.05386801393188855,0.001241,1.0552023871159513,1.1754465566868317,1.217364823572022,1.3149548344367568,1.4401353528113299
2019-04-01,-0.04677036906584992,-0.048547721712538225,-0.04709403363914373,-0.060994894495412844,-0.07109343950995406,0.001241,1.0412483835627888,1.1639838931626376,1.2115296097265653,1.2913051108285916,1.453289373340232
2019-05-01,0.016495516666666668,0.015925792424242424,0.011129459787556905,0.006332874051593322,-0.0135481104387292,0.001241,1.014946901737001,1.1155970444047247,1.1724985877922025,1.2499950142795546,1.410850956515733
2019-06-01,-0.009388946026986507,-0.010776248875562219,-0.017282989505247377,-0.020934356821589204,-0.03312996856287425,0.001241,0.9984829499896422,1.1102886150250466,1.171472269114467,1.235989119876045,1.3790958364270254
2019-07-01,-0.029659526706231457,-0.018089436201780416,-0.013812491097922848,-0.01121135459940653,-0.00017573770491803305,0.001241,1.0136932571237538,1.1280609592809907,1.1636707912388726,1.2635698322299853,1.395424514607606
2019-08-01,0.0062190029455081,0.013102786764705884,0.022096505882352943,0.023252072058823528,0.004298120588235295,0.001241,1.0208517213536847,1.1254122075188628,1.1536475900092282,1.2515070529780852,1.367468168437202
2019-09-01,0.0037749767441860463,-0.002346066860465116,-0.002342821220930232,-0.0031610915697674415,-0.010356513081395348,0.001241,1.025563794940891,1.126935110473161,1.1536724365518758,1.2391650138116321,1.3799840640095713
2019-10-01,-0.018309612391930834,-0.020272743515850143,-0.023055391366906472,-0.0197951469740634,-0.02604042135642136,0.001241,1.0310840471833083,1.1386991284607868,1.1597547463316629,1.2498956512201471,1.3699179425261392
2019-11-01,0.06736799286733239,0.08113436661911555,0.0848259245014245,0.08590983452211128,0.09303052285714285,0.001241,1.014949873686675,1.1189103336410997,1.1469653208616064,1.2188153682720984,1.3720594679644946
2019-12-01,-0.006943152974504249,-0.004787002832861189,0.006567335694050992,0.019436468085106382,0.002722869688385269,0.001241,1.0203899072852143,1.1244797042288697,1.156698086905446,1.2114596296278208,1.3973706028097153
2020-01-01,-0.025742610719322993,-0.0015425472496473907,0.012938431593794075,0.0050986008462623415,0.002274615275813295,0.001241,1.035628283079683,1.164916134039607,1.2146510385526543,1.2579469089497426,1.449104379545084
2020-02-01,-0.009642922644163152,-0.026391780590717298,-0.03244517580872011,-0.05141625316455696,-0.06834261181434599,0.001241,1.053195098700165,1.1704944635910917,1.230624574313288,1.2905462324190922,1.4368868348538448
2020-03-01,0.011412377279102383,0.012022201963534361,0.0318368667601683,0.025260200561009815,0.016177900140646975,0.001241,1.0266401994836425,1.1481760471876237,1.2079043717453692,1.2809337645290848,1.411749305335926
2020-04-01,0.012496953781512605,0.011976429971988795,0.027036344537815126,0.015558529411764707,0.006714059154929577,0.001241,0.9960636762696853,1.1258636463282066,1.187374007074277,1.248735341028686,1.3837203862753111
2020-05-01,0.03994165826330532,0.0613575,0.0684630111888112,0.08462233753501401,0.08177549439775911,0.001241,1.0037688644045915,1.123811965500972,1.1839036228238053,1.259857216355937,1.3587374360472972
2020-06-01,0.1440006680613668,0.14832424128312413,0.15031335843793583,0.12328329846582985,0.11736302805049088,0.001241,0.944772780535812,1.0925388265892693,1.1450065460086845,1.2357203990017247,1.34932870824181
2020-07-01,0.04092313807531381,0.0480292660167131,0.040475047353760445,0.038732054317548746,0.0184554698457223,0.001241,0.9492789326584983,1.0931228931309496,1.148355631986539,1.1985469784654674,1.3473512666725873
2020-08-01,-0.05156014066852368,-0.05897901671309192,-0.06658489151599443,-0.06972862395543175,-0.0844148064516129,0.001241,0.9481655880842925,1.095766682964077,1.1298167539388877,1.1664696453057628,1.3371169598324313
2020-09-01,0.008299326842837275,0.004774668055555556,0.005092105555555555,-0.0076326902777777775,-0.005706029207232267,0.001241,0.9558557433107953,1.0942063193199565,1.1357366401874176,1.1861401584450908,1.3576104848537287
2020-10-01,0.06382510416666667,0.039782929264909846,0.03067535972222222,0.01127450346740638,0.006357257975034674,0.001241,0.9732737553038432,1.086335907897281,1.1116733161817876,1.189873480467733,1.3616627021073144
2020-11-01,-0.030709174515235457,-0.029439899031811892,-0.038807195020746886,-0.032790180055401665,-0.021471837725381415,0.001241,0.9807351314452435,1.1027379038523464,1.1295470319931407,1.1865630763439472,1.3277175086569766
2020-12-01,,,,,,,0.9840586203862813,1.1028489093630751,1.1577376738259324,1.1894227477260237,1.3314613554516816
